port_navigo,toflit_partner
Ile de Ré,France
Ile de Ré,France
Ile de Ré,France
Esnandes,France
Le Plomb,France
Le Plomb,France
Oléron,France
Oléron,France
Oléron,France
Marennes,France
Oléron,France
Oléron,France
Oléron,France
Oléron,France
La Rochelle,France
La Rochelle,France
La Rochelle,France
Ile de Ré,France
Rochefort,France
Oléron,France
Marennes,France
Marennes,France
La Tremblade,France
La Tremblade,France
La Rochelle,France
Aligre de Marans,France
Aligre de Marans,France
Oléron,France
Rochefort,France
La Rochelle,France
Marennes,France
Charente,France
Charente,France
Charente,France
Charente,France
Charente,France
Charente,France
Charente,France
Aligre de Marans,France
Aligre de Marans,France
Aligre de Marans,France
Oléron,France
Charente,France
La Rochelle,France
Saint Martin de Ré,France
Charente,France
Charente,France
Charente,France
La Rochelle,France
La Rochelle,France
Coureaux [de Ré],France
La Rochelle,France
La Rochelle,France
Rochefort,France
Charente,France
La Rochelle,France
Oléron,France
Marennes,France
La Rochelle,France
Aligre de Marans,France
Saint Martin de Ré,France
Charente,France
Charente,France
Aligre de Marans,France
Aligre de Marans,France
Aligre de Marans,France
Charente,France
Ars en Ré,France
Aligre de Marans,France
La Rochelle,France
Charente,France
Charente,France
Oléron,France
Oléron,France
Charente,France
Charente,France
Ile de Ré,France
La Rochelle,France
Oléron,France
La Rochelle,France
La Rochelle,France
Marennes,France
La Rochelle,France
Oléron,France
Aligre de Marans,France
Aligre de Marans,France
Ile de Ré,France
Oléron,France
La Rochelle,France
La Rochelle,France
Marennes,France
Aligre de Marans,France
Aligre de Marans,France
Aligre de Marans,France
Ile de Ré,France
Aligre de Marans,France
Marennes,France
Marennes,France
Marennes,France
Marennes,France
Marennes,France
Marennes,France
Marennes,France
Aligre de Marans,France
La Tremblade,France
La Tremblade,France
La Rochelle,France
La Rochelle,France
La Rochelle,France
La Rochelle,France
La Rochelle,France
La Rochelle,France
La Rochelle,France
La Rochelle,France
La Rochelle,France
La Rochelle,France
La Rochelle,France
La Rochelle,France
La Rochelle,France
La Rochelle,France
La Rochelle,France
La Rochelle,France
La Rochelle,France
La Rochelle,France
La Rochelle,France
La Rochelle,France
La Rochelle,France
La Rochelle,France
La Rochelle,France
La Rochelle,France
La Rochelle,France
La Rochelle,France
La Rochelle,France
La Rochelle,France
La Rochelle,France
La Rochelle,France
La Rochelle,France
La Rochelle,France
La Rochelle,France
La Rochelle,France
La Rochelle,France
La Rochelle,France
La Rochelle,France
La Rochelle,France
La Rochelle,France
La Rochelle,France
La Rochelle,France
La Rochelle,France
La Rochelle,France
La Rochelle,France
La Rochelle,France
La Rochelle,France
La Rochelle,France
La Rochelle,France
La Rochelle,France
La Rochelle,France
Ile de Ré,France
Ile de Ré,France
La Flotte en Ré,France
Charente,France
Charente,France
Charente,France
Charente,France
Charente,France
Charente,France
Charente,France
Charente,France
Charente,France
Charente,France
Charente,France
Charente,France
Charente,France
Charente,France
Charente,France
Charente,France
Charente,France
Charente,France
Charente,France
Charente,France
Charente,France
Charente,France
Charente,France
Charente,France
Charente,France
Charente,France
Charente,France
Charente,France
Charente,France
Charente,France
Charente,France
Charente,France
Charente,France
Charente,France
Charente,France
Chaput,France
Chaput,France
Brouage,France
Brouage,France
Brouage,France
Brouage,France
Ars en Ré,France
Aligre de Marans,France
Aligre de Marans,France
Aligre de Marans,France
Aligre de Marans,France
Saint Martin de Ré,France
La Rochelle,France
La Rochelle,France
La Flotte en Ré,France
Oléron,France
Oléron,France
Oléron,France
Marennes,France
La Rochelle,France
La Rochelle,France
Marennes,France
Rochefort,France
Chaillevette,France
Rochefort,France
Marennes,France
La Rochelle,France
La Rochelle,France
Oléron,France
Marennes,France
Marennes,France
Marennes,France
Aligre de Marans,France
Charente,France
Aligre de Marans,France
Aligre de Marans,France
Rochefort,France
Oléron,France
Charente,France
Charente,France
La Rochelle,France
Charente,France
Rochefort,France
La Rochelle,France
Charente,France
Charente,France
Charente,France
Charente,France
Charente,France
Charente,France
La Rochelle,France
Rochefort,France
Ile de Ré,France
Rochefort,France
Rochefort,France
Saint Savinien,France
Saint Savinien,France
Oléron,France
Oléron,France
Marennes,France
Marennes,France
Charente,France
Brouage,France
Brouage,France
Charente,France
Anveaux,France
Anveaux,France
La Rochelle,France
La Rochelle,France
Saint Savinien,France
Marennes,France
La Rochelle,France
Aligre de Marans,France
La Rochelle,France
La Rochelle,France
Oléron,France
Rochefort,France
La Rochelle,France
Saintes,France
Saint Martin de Ré,France
Saint Martin de Ré,France
Saint Martin de Ré,France
Saint Martin de Ré,France
Saint Martin de Ré,France
Ars en Ré,France
La Rochelle,France
La Rochelle,France
La Rochelle,France
La Rochelle,France
La Rochelle,France
La Rochelle,France
La Rochelle,France
La Rochelle,France
La Rochelle,France
La Rochelle,France
Esnandes,France
Esnandes,France
Ars en Ré,France
Esnandes,France
Saint Martin de Ré,France
La Rochelle,France
Saint Martin de Ré,France
La Rochelle,France
Ars en Ré,France
Ars en Ré,France
La Rochelle,France
Rochefort,France
Rochefort,France
Rochefort,France
Oléron,France
Rochefort,France
La Rochelle,France
La Rochelle,France
Rochefort,France
La Rochelle,France
Rochefort,France
Saint Martin de Ré,France
La Rochelle,France
La Perrotine,France
Oléron,France
Oléron,France
Oléron,France
Oléron,France
Charente,France
Oléron,France
Oléron,France
La Rochelle,France
Oléron,France
La Rochelle,France
Ile de Ré,France
Saint Martin de Ré,France
La Rochelle,France
La Rochelle,France
La Rochelle,France
La Rochelle,France
La Rochelle,France
La Rochelle,France
La Rochelle,France
La Rochelle,France
La Rochelle,France
La Rochelle,France
La Rochelle,France
La Rochelle,France
La Rochelle,France
La Rochelle,France
La Rochelle,France
La Rochelle,France
Avallon,France
La Rochelle,France
Rochefort,France
La Rochelle,France
La Rochelle,France
La Rochelle,France
La Rochelle,France
La Rochelle,France
La Rochelle,France
La Rochelle,France
La Rochelle,France
Charente,France
Rochefort,France
Rochefort,France
La Flotte en Ré,France
Ribérou [Saujon],France
Marennes,France
La Tremblade,France
Ile de Ré,France
La Tremblade,France
Marennes,France
Marennes,France
Rochefort,France
Ribérou [Saujon],France
Rochefort,France
Oléron,France
Oléron,France
Oléron,France
Marennes,France
Marennes,France
Marennes,France
Marennes,France
La Perrotine,France
La Flotte en Ré,France
Ars en Ré,France
La Rochelle,France
Marennes,France
Rochefort,France
Ile de Ré,France
Saint Martin de Ré,France
Oléron,France
Oléron,France
Oléron,France
Oléron,France
Marennes,France
Marennes,France
Marennes,France
Marennes,France
Marennes,France
La Rochelle,France
La Rochelle,France
La Rochelle,France
La Rochelle,France
La Rochelle,France
La Rochelle,France
La Rochelle,France
Le Chateau [d' Oléron],France
Charente,France
Charente,France
Charente,France
Charente,France
Charente,France
Charente,France
Charente,France
Charente,France
Aligre de Marans,France
Aligre de Marans,France
Aligre de Marans,France
Aligre de Marans,France
Ars en Ré,France
Charente,France
Saint Savinien,France
La Rochelle,France
Charente,France
La Rochelle,France
Aligre de Marans,France
La Rochelle,France
Ile de Ré,France
La Rochelle,France
La Rochelle,France
La Rochelle,France
La Rochelle,France
La Rochelle,France
La Rochelle,France
La Rochelle,France
Marennes,France
La Rochelle,France
La Rochelle,France
La Rochelle,France
Ribérou [Saujon],France
Rochefort,France
La Tremblade,France
La Rochelle,France
La Rochelle,France
La Rochelle,France
La Rochelle,France
La Rochelle,France
La Rochelle,France
La Rochelle,France
La Rochelle,France
La Rochelle,France
Charente,France
Charente,France
Charente,France
Charente,France
Charente,France
Charente,France
Charente,France
Charente,France
Charente,France
Charente,France
Charente,France
Charente,France
Charente,France
Charente,France
Charente,France
Charente,France
Charente,France
Charente,France
Charente,France
Charente,France
Charente,France
Charente,France
Charente,France
Charente,France
Charente,France
Charente,France
Charente,France
Charente,France
Charente,France
Charente,France
Charente,France
Charente,France
Charente,France
Charente,France
Charente,France
Charente,France
Charente,France
Charente,France
Charente,France
Charente,France
Charente,France
Charente,France
Charente,France
Charente,France
Charente,France
Aligre de Marans,France
Aligre de Marans,France
Aligre de Marans,France
Anveaux,France
Aligre de Marans,France
Aligre de Marans,France
Aligre de Marans,France
Aligre de Marans,France
Aligre de Marans,France
Aligre de Marans,France
Aligre de Marans,France
Aligre de Marans,France
Aligre de Marans,France
Aligre de Marans,France
Aligre de Marans,France
Aligre de Marans,France
Aligre de Marans,France
Aligre de Marans,France
Aligre de Marans,France
Aligre de Marans,France
Aligre de Marans,France
Aligre de Marans,France
Aligre de Marans,France
Aligre de Marans,France
Aligre de Marans,France
Marennes,France
La Rochelle,France
Marennes,France
Aligre de Marans,France
Oléron,France
Seudre,France
La Perrotine,France
Aligre de Marans,France
Soubise,France
Soubise,France
Rochefort,France
Marennes,France
La Rochelle,France
La Rochelle,France
La Rochelle,France
La Rochelle,France
La Rochelle,France
Brouage,France
Oléron,France
La Rochelle,France
La Rochelle,France
La Rochelle,France
La Rochelle,France
La Rochelle,France
La Rochelle,France
Aligre de Marans,France
Saint Savinien,France
Oléron,France
Saint Savinien,France
Saint Savinien,France
Saint Savinien,France
Saint Savinien,France
Saint Savinien,France
Oléron,France
Oléron,France
Oléron,France
Oléron,France
Marennes,France
Aligre de Marans,France
La Rochelle,France
Fouras,France
Charente,France
Charente,France
Charente,France
Charente,France
Charente,France
Charente,France
Aligre de Marans,France
Aligre de Marans,France
Oléron,France
Marennes,France
Ile de Ré,France
Charente,France
Ile de Ré,France
Rochefort,France
Seudre,France
La Rochelle,France
La Rochelle,France
Ile de Ré,France
Charente,France
La Rochelle,France
Charente,France
Ile de Ré,France
Ribérou [Saujon],France
La Rochelle,France
Oléron,France
Oléron,France
Oléron,France
Aligre de Marans,France
Oléron,France
Aligre de Marans,France
Aligre de Marans,France
Aligre de Marans,France
Marennes,France
Rochefort,France
Oléron,France
Oléron,France
La Rochelle,France
Esnandes,France
Esnandes,France
Esnandes,France
Esnandes,France
Le Plomb,France
Oléron,France
Oléron,France
Oléron,France
Oléron,France
Oléron,France
Aligre de Marans,France
Oléron,France
La Rochelle,France
La Rochelle,France
La Rochelle,France
Oléron,France
Oléron,France
Oléron,France
Oléron,France
La Tremblade,France
La Tremblade,France
Marennes,France
Oléron,France
Aligre de Marans,France
Oléron,France
Marennes,France
Aligre de Marans,France
La Rochelle,France
Charente,France
Charente,France
Charente,France
Charente,France
Charente,France
La Rochelle,France
Aligre de Marans,France
Aligre de Marans,France
Taillebourg,France
Oléron,France
Marennes,France
La Rochelle,France
Charente,France
Oléron,France
La Rochelle,France
Oléron,France
La Rochelle,France
Ile de Ré,France
La Rochelle,France
Aligre de Marans,France
Aligre de Marans,France
Saint Martin de Ré,France
Aligre de Marans,France
La Rochelle,France
La Rochelle,France
dans le Pertuis,France
Oléron,France
La Rochelle,France
Ars en Ré,France
La Rochelle,France
Charente,France
Charente,France
Charente,France
Ile de Ré,France
Ile de Ré,France
Rochefort,France
Marennes,France
La Rochelle,France
Aligre de Marans,France
La Rochelle,France
Marennes,France
Marennes,France
La Tremblade,France
Charente,France
Aligre de Marans,France
Royan,France
Rochefort,France
Ribérou [Saujon],France
Oléron,France
Aligre de Marans,France
Marennes,France
Marennes,France
Marennes,France
Marennes,France
Marennes,France
Marennes,France
Marennes,France
Marennes,France
Marennes,France
Aligre de Marans,France
Aligre de Marans,France
La Rochelle,France
La Rochelle,France
La Rochelle,France
La Rochelle,France
La Rochelle,France
La Rochelle,France
La Rochelle,France
La Rochelle,France
La Rochelle,France
La Rochelle,France
La Rochelle,France
La Rochelle,France
La Rochelle,France
La Rochelle,France
La Rochelle,France
La Rochelle,France
La Rochelle,France
La Rochelle,France
La Rochelle,France
La Rochelle,France
La Rochelle,France
La Rochelle,France
La Rochelle,France
La Rochelle,France
La Rochelle,France
La Rochelle,France
La Rochelle,France
La Rochelle,France
La Rochelle,France
La Rochelle,France
La Rochelle,France
La Rochelle,France
La Rochelle,France
La Rochelle,France
La Rochelle,France
La Rochelle,France
La Rochelle,France
La Rochelle,France
La Rochelle,France
La Rochelle,France
La Rochelle,France
La Rochelle,France
La Rochelle,France
La Rochelle,France
La Rochelle,France
La Perrotine,France
Ile de Ré,France
Ile de Ré,France
La Flotte en Ré,France
Charente,France
Charente,France
Charente,France
Charente,France
Charente,France
Charente,France
Charente,France
Charente,France
Charente,France
Charente,France
Charente,France
Charente,France
Charente,France
Charente,France
Charente,France
Charente,France
Charente,France
Charente,France
Charente,France
Charente,France
Charente,France
Charente,France
Charente,France
Charente,France
Charente,France
Charente,France
Charente,France
Charente,France
Charente,France
Charente,France
Charente,France
Charente,France
Charente,France
Charente,France
Charente,France
Charente,France
Charente,France
Charente,France
Charente,France
Aligre de Marans,France
Aligre de Marans,France
Aligre de Marans,France
Aligre de Marans,France
Aligre de Marans,France
Aligre de Marans,France
Aligre de Marans,France
Aligre de Marans,France
Aligre de Marans,France
Aligre de Marans,France
La Perrotine,France
La Rochelle,France
La Rochelle,France
La Flotte en Ré,France
Oléron,France
Oléron,France
La Rochelle,France
Rochefort,France
Rochefort,France
Rochefort,France
La Rochelle,France
Rochefort,France
Oléron,France
Rochefort,France
La Rochelle,France
Marennes,France
Oléron,France
La Rochelle,France
Marennes,France
La Rochelle,France
La Rochelle,France
Charente,France
Charente,France
Charente,France
La Rochelle,France
La Rochelle,France
La Rochelle,France
La Rochelle,France
Charente,France
Charente,France
Charente,France
La Rochelle,France
Charente,France
Charente,France
Charente,France
Charente,France
Charente,France
Charente,France
Charente,France
Charente,France
Charente,France
Charente,France
Charente,France
Aligre de Marans,France
Aligre de Marans,France
Saint Martin de Ré,France
La Rochelle,France
Dercie,France
Oléron,France
Marennes,France
Marennes,France
La Rochelle,France
La Perrotine,France
Charente,France
Charente,France
Charente,France
Charente,France
Chaput,France
Aligre de Marans,France
La Flotte en Ré,France
Loix,France
Charente,France
Charente,France
Aligre de Marans,France
Aligre de Marans,France
Coureaux [de Ré],France
Rochefort,France
dans le Pertuis,France
La Rochelle,France
Saint Martin de Ré,France
Rochefort,France
Saint Martin de Ré,France
La Rochelle,France
La Rochelle,France
La Rochelle,France
La Rochelle,France
La Rochelle,France
La Rochelle,France
La Rochelle,France
La Rochelle,France
Esnandes,France
Esnandes,France
Ars en Ré,France
Ars en Ré,France
Ars en Ré,France
Ars en Ré,France
La Rochelle,France
Rochefort,France
La Rochelle,France
Rochefort,France
Oléron,France
La Rochelle,France
Saint Martin de Ré,France
Rochefort,France
Oléron,France
Oléron,France
Oléron,France
Oléron,France
Marennes,France
Oléron,France
Oléron,France
Oléron,France
Oléron,France
La Rochelle,France
La Rochelle,France
La Tremblade,France
Oléron,France
Ile de Ré,France
Saint Martin de Ré,France
Ile de Ré,France
La Rochelle,France
La Rochelle,France
La Rochelle,France
La Rochelle,France
La Rochelle,France
La Rochelle,France
La Rochelle,France
La Rochelle,France
La Rochelle,France
La Rochelle,France
La Rochelle,France
La Rochelle,France
La Rochelle,France
La Rochelle,France
La Rochelle,France
La Rochelle,France
La Rochelle,France
La Rochelle,France
La Rochelle,France
Oléron,France
Soubise,France
La Rochelle,France
La Rochelle,France
La Rochelle,France
La Rochelle,France
La Rochelle,France
La Rochelle,France
Oléron,France
La Rochelle,France
Rochefort,France
La Rochelle,France
La Rochelle,France
Oléron,France
Ars en Ré,France
Saint Martin de Ré,France
Rochefort,France
La Tremblade,France
Rochefort,France
Oléron,France
Oléron,France
Oléron,France
Marennes,France
La Perrotine,France
Charente,France
La Rochelle,France
La Perrotine,France
Ile de Ré,France
Saint Savinien,France
Oléron,France
Oléron,France
Oléron,France
Oléron,France
Oléron,France
Oléron,France
Oléron,France
Marennes,France
Aligre de Marans,France
Aligre de Marans,France
La Rochelle,France
La Rochelle,France
Charente,France
Charente,France
Charente,France
Charente,France
Charente,France
Charente,France
Charente,France
Charente,France
Aligre de Marans,France
Aligre de Marans,France
Aligre de Marans,France
Charente,France
La Rochelle,France
Ribérou [Saujon],France
La Rochelle,France
Ile de Ré,France
Aligre de Marans,France
La Rochelle,France
La Rochelle,France
La Rochelle,France
La Rochelle,France
Oléron,France
Oléron,France
La Rochelle,France
La Rochelle,France
La Rochelle,France
La Rochelle,France
La Rochelle,France
La Rochelle,France
Rochefort,France
La Rochelle,France
Aligre de Marans,France
Ribérou [Saujon],France
La Rochelle,France
Rochefort,France
Aligre de Marans,France
La Rochelle,France
La Rochelle,France
La Rochelle,France
La Rochelle,France
La Rochelle,France
La Rochelle,France
La Rochelle,France
Charente,France
Charente,France
Charente,France
Charente,France
Charente,France
Charente,France
Charente,France
Charente,France
Charente,France
Charente,France
Charente,France
Charente,France
Charente,France
Charente,France
Charente,France
Charente,France
Charente,France
Charente,France
Charente,France
Charente,France
Charente,France
Charente,France
Charente,France
Charente,France
Charente,France
Charente,France
Charente,France
Charente,France
Charente,France
Charente,France
Charente,France
Charente,France
Charente,France
Charente,France
Charente,France
Charente,France
Charente,France
Charente,France
Charente,France
Charente,France
Charente,France
Charente,France
Charente,France
Charente,France
Charente,France
Charente,France
Charente,France
Charente,France
Charente,France
Charente,France
Charente,France
Charente,France
Charente,France
Charente,France
Charente,France
Charente,France
Charente,France
Charente,France
Charente,France
Charente,France
Charente,France
Charente,France
Charente,France
Charente,France
Charente,France
Charente,France
Aligre de Marans,France
Aligre de Marans,France
Aligre de Marans,France
Aligre de Marans,France
Aligre de Marans,France
Aligre de Marans,France
Aligre de Marans,France
Aligre de Marans,France
Aligre de Marans,France
Aligre de Marans,France
Aligre de Marans,France
Aligre de Marans,France
Aligre de Marans,France
Aligre de Marans,France
Aligre de Marans,France
La Tremblade,France
La Rochelle,France
Marennes,France
La Rochelle,France
La Rochelle,France
Ile de Ré,France
La Rochelle,France
Soubise,France
La Rochelle,France
La Rochelle,France
La Rochelle,France
La Rochelle,France
La Rochelle,France
La Rochelle,France
La Rochelle,France
La Rochelle,France
La Rochelle,France
La Rochelle,France
Saint Savinien,France
Saint Savinien,France
Saint Martin de Ré,France
Saint Martin de Ré,France
Oléron,France
Oléron,France
Marennes,France
Marennes,France
La Rochelle,France
Charente,France
Charente,France
Charente,France
Charente,France
Charente,France
Charente,France
Charente,France
Charente,France
Charente,France
Charente,France
Charente,France
Anveaux,France
Anveaux,France
Anveaux,France
La Rochelle,France
La Rochelle,France
Saint Martin de Ré,France
Ile de Ré,France
Dercie,France
Charente,France
La Rochelle,France
La Perrotine,France
Ribérou [Saujon],France
Ribérou [Saujon],France
Oléron,France
Oléron,France
Rochefort,France
Ile de Ré,France
La Rochelle,France
Ile de Ré,France
Ile de Ré,France
Charente,France
Charente,France
La Rochelle,France
Rochefort,France
Oléron,France
Oléron,France
Oléron,France
Oléron,France
Oléron,France
Aligre de Marans,France
Ile de Ré,France
Marennes,France
Oléron,France
Charente,France
Charente,France
Ile de Ré,France
Ile de Ré,France
Esnandes,France
Esnandes,France
Esnandes,France
Esnandes,France
Le Plomb,France
Le Plomb,France
Oléron,France
Oléron,France
Chaput,France
La Rochelle,France
La Rochelle,France
Oléron,France
Oléron,France
La Rochelle,France
Oléron,France
La Rochelle,France
Oléron,France
La Rochelle,France
Oléron,France
La Rochelle,France
Oléron,France
Oléron,France
Saint Denis [d' Oléron],France
Oléron,France
Rochefort,France
Ribérou [Saujon],France
Oléron,France
Oléron,France
Marennes,France
Charente,France
Aligre de Marans,France
La Rochelle,France
La Rochelle,France
La Rochelle,France
Oléron,France
Marennes,France
Marennes,France
La Rochelle,France
La Rochelle,France
Charente,France
Charente,France
Charente,France
Charente,France
Charente,France
Charente,France
Charente,France
Charente,France
Charente,France
Aligre de Marans,France
La Rochelle,France
Aligre de Marans,France
Chaput,France
Taillebourg,France
Oléron,France
Charente,France
Oléron,France
Oléron,France
La Rochelle,France
Charente,France
Saint Savinien,France
Rochefort,France
La Rochelle,France
Saint Martin de Ré,France
La Rochelle,France
La Rochelle,France
Saint Martin de Ré,France
Oléron,France
La Rochelle,France
Charente,France
Aligre de Marans,France
Aligre de Marans,France
Ile de Ré,France
Aligre de Marans,France
Charente,France
Oléron,France
Oléron,France
La Rochelle,France
La Rochelle,France
Marennes,France
Saint Martin de Ré,France
Marennes,France
Charente,France
Marennes,France
Oléron,France
La Rochelle,France
Esnandes,France
Marennes,France
La Rochelle,France
Ile de Ré,France
La Rochelle,France
Saint Martin de Ré,France
La Rochelle,France
La Flotte en Ré,France
Marennes,France
Marennes,France
Oléron,France
Ile de Ré,France
La Perrotine,France
Marennes,France
Marennes,France
Marennes,France
Marennes,France
Aligre de Marans,France
Marennes,France
Marennes,France
Marennes,France
Marennes,France
Marennes,France
Aligre de Marans,France
Marennes,France
Aligre de Marans,France
Aligre de Marans,France
Aligre de Marans,France
Aligre de Marans,France
La Tremblade,France
La Tremblade,France
La Rochelle,France
La Rochelle,France
La Rochelle,France
La Rochelle,France
La Rochelle,France
La Rochelle,France
La Rochelle,France
La Rochelle,France
La Rochelle,France
La Rochelle,France
La Rochelle,France
La Rochelle,France
La Rochelle,France
La Rochelle,France
La Rochelle,France
La Rochelle,France
La Rochelle,France
La Rochelle,France
La Rochelle,France
La Rochelle,France
La Rochelle,France
La Rochelle,France
La Rochelle,France
La Rochelle,France
La Rochelle,France
La Rochelle,France
La Rochelle,France
La Rochelle,France
La Rochelle,France
La Rochelle,France
La Rochelle,France
La Rochelle,France
La Rochelle,France
La Rochelle,France
La Rochelle,France
La Rochelle,France
La Rochelle,France
La Rochelle,France
La Rochelle,France
Ile de Ré,France
Ile de Ré,France
Ile de Ré,France
Ile de Ré,France
Charente,France
Charente,France
Charente,France
Charente,France
Charente,France
Charente,France
Charente,France
Charente,France
Charente,France
Charente,France
Charente,France
Charente,France
Charente,France
Charente,France
Charente,France
Charente,France
Charente,France
Charente,France
Charente,France
Charente,France
Charente,France
Charente,France
Charente,France
Charente,France
Charente,France
Charente,France
Charente,France
Charente,France
Charente,France
Aligre de Marans,France
Aligre de Marans,France
Aligre de Marans,France
Aligre de Marans,France
La Rochelle,France
Aligre de Marans,France
Marennes,France
Aligre de Marans,France
Rochefort,France
Rochefort,France
Ile de Ré,France
La Rochelle,France
La Rochelle,France
Chaput,France
Oléron,France
Oléron,France
Ribérou [Saujon],France
La Rochelle,France
La Rochelle,France
Oléron,France
La Rochelle,France
Marennes,France
La Perrotine,France
Charente,France
Saint Martin de Ré,France
Rochefort,France
Oléron,France
Charente,France
Rochefort,France
Charente,France
Saint Savinien,France
Saint Savinien,France
Saint Savinien,France
Saint Savinien,France
La Rochelle,France
La Rochelle,France
La Rochelle,France
La Perrotine,France
Ile de Ré,France
Oléron,France
Charente,France
Aligre de Marans,France
Aligre de Marans,France
La Rochelle,France
Rochefort,France
Marennes,France
Marennes,France
Rochefort,France
Charente,France
La Rochelle,France
La Rochelle,France
Charente,France
Charente,France
Charente,France
Charente,France
Charente,France
Charente,France
Aligre de Marans,France
Aligre de Marans,France
Aligre de Marans,France
Aligre de Marans,France
La Rochelle,France
Charente,France
Charente,France
Charente,France
Marennes,France
Seudre,France
Saint Savinien,France
Saint Savinien,France
Saint Martin de Ré,France
Oléron,France
Oléron,France
Marennes,France
La Perrotine,France
Dercie,France
Charente,France
Charente,France
Charente,France
Charente,France
dans le Pertuis,France
Charente,France
Charente,France
La Rochelle,France
Oléron,France
Marennes,France
Charente,France
La Rochelle,France
Charente,France
Charente,France
La Perrotine,France
Ars en Ré,France
La Rochelle,France
Loix,France
Loix,France
La Rochelle,France
La Rochelle,France
La Rochelle,France
La Rochelle,France
La Rochelle,France
La Rochelle,France
La Rochelle,France
Ile de Ré,France
Esnandes,France
Esnandes,France
Ars en Ré,France
Ars en Ré,France
Rochefort,France
Ile de Ré,France
La Rochelle,France
Ars en Ré,France
Saint André de Cuzac,France
La Rochelle,France
La Rochelle,France
Saint Martin de Ré,France
Marennes,France
Oléron,France
Oléron,France
La Rochelle,France
La Rochelle,France
Oléron,France
Oléron,France
Oléron,France
Oléron,France
Oléron,France
Oléron,France
La Rochelle,France
Chaput,France
Oléron,France
Ribérou [Saujon],France
La Rochelle,France
La Rochelle,France
La Rochelle,France
La Rochelle,France
La Rochelle,France
La Rochelle,France
Rochefort,France
La Rochelle,France
La Rochelle,France
La Rochelle,France
La Rochelle,France
La Rochelle,France
La Rochelle,France
La Rochelle,France
La Rochelle,France
La Rochelle,France
La Rochelle,France
Saintes,France
La Rochelle,France
La Rochelle,France
La Rochelle,France
La Rochelle,France
La Rochelle,France
Ile de Ré,France
Ile de Ré,France
Chaput,France
Charente,France
Charente,France
Oléron,France
Rochefort,France
Rochefort,France
Rochefort,France
La Flotte en Ré,France
Marennes,France
Marennes,France
La Rochelle,France
La Rochelle,France
Charente,France
Charente,France
La Tremblade,France
La Rochelle,France
Marennes,France
Marennes,France
Rochefort,France
Marennes,France
Marennes,France
Marennes,France
Marennes,France
Ars en Ré,France
Ars en Ré,France
Oléron,France
La Rochelle,France
Rochefort,France
Oléron,France
Oléron,France
Oléron,France
Oléron,France
Marennes,France
Marennes,France
Marennes,France
Marennes,France
Aligre de Marans,France
Aligre de Marans,France
La Rochelle,France
La Rochelle,France
La Rochelle,France
La Rochelle,France
Ile de Ré,France
Charente,France
Charente,France
Charente,France
Charente,France
Charente,France
Charente,France
Charente,France
Aligre de Marans,France
Aligre de Marans,France
Aligre de Marans,France
Aligre de Marans,France
Aligre de Marans,France
Aligre de Marans,France
Aligre de Marans,France
La Rochelle,France
Ars en Ré,France
La Rochelle,France
Oléron,France
Aligre de Marans,France
La Rochelle,France
Rochefort,France
Oléron,France
La Rochelle,France
La Rochelle,France
La Rochelle,France
Aligre de Marans,France
Aligre de Marans,France
La Rochelle,France
La Rochelle,France
La Rochelle,France
La Rochelle,France
La Rochelle,France
Marennes,France
La Rochelle,France
Oléron,France
Marennes,France
Charente,France
Charente,France
Charente,France
Ribérou [Saujon],France
Soubise,France
Rochefort,France
Loix,France
La Rochelle,France
La Rochelle,France
La Rochelle,France
La Rochelle,France
La Rochelle,France
La Rochelle,France
Charente,France
Charente,France
Charente,France
Charente,France
Charente,France
Charente,France
Charente,France
Charente,France
Charente,France
Charente,France
Charente,France
Charente,France
Charente,France
Charente,France
Charente,France
Charente,France
Charente,France
Charente,France
Charente,France
Charente,France
Charente,France
Charente,France
Charente,France
Charente,France
Charente,France
Charente,France
Charente,France
Charente,France
Charente,France
Charente,France
Charente,France
Charente,France
Charente,France
Charente,France
Charente,France
Charente,France
Charente,France
Charente,France
Charente,France
Charente,France
Charente,France
Charente,France
Charente,France
Charente,France
Charente,France
Charente,France
Charente,France
Charente,France
Aligre de Marans,France
Aligre de Marans,France
Aligre de Marans,France
Aligre de Marans,France
Aligre de Marans,France
Aligre de Marans,France
Aligre de Marans,France
Aligre de Marans,France
Aligre de Marans,France
Aligre de Marans,France
Aligre de Marans,France
Aligre de Marans,France
Aligre de Marans,France
Aligre de Marans,France
Aligre de Marans,France
Aligre de Marans,France
Aligre de Marans,France
Aligre de Marans,France
Saint Savinien,France
Oléron,France
La Rochelle,France
Aligre de Marans,France
Rochefort,France
La Rochelle,France
La Rochelle,France
La Rochelle,France
La Rochelle,France
La Rochelle,France
La Rochelle,France
Ile de Ré,France
La Rochelle,France
La Rochelle,France
La Rochelle,France
Rochefort,France
Aligre de Marans,France
Aligre de Marans,France
La Rochelle,France
Saint Savinien,France
Saint Savinien,France
Oléron,France
Oléron,France
Oléron,France
Marennes,France
Marennes,France
La Rochelle,France
Charente,France
Charente,France
Charente,France
Charente,France
Charente,France
Charente,France
Charente,France
Chaillevette,France
Anveaux,France
Anveaux,France
Saint Martin de Ré,France
Oléron,France
La Rochelle,France
Rochefort,France
Aligre de Marans,France
Marennes,France
Rochefort,France
Ile de Ré,France
Charente,France
Marennes,France
Oléron,France
Rochefort,France
La Rochelle,France
La Rochelle,France
La Flotte en Ré,France
Charente,France
Charente,France
Charente,France
Bourcefranc,France
Aligre de Marans,France
Marennes,France
Oléron,France
Saint Martin de Ré,France
La Rochelle,France
Oléron,France
Oléron,France
Aligre de Marans,France
Aligre de Marans,France
La Perrotine,France
Ile de Ré,France
dans le Pertuis,France
Ile de Ré,France
La Perrotine,France
Charente,France
Oléron,France
La Rochelle,France
La Rochelle,France
Ile de Ré,France
Ile de Ré,France
Ile de Ré,France
Esnandes,France
Esnandes,France
Esnandes,France
Le Plomb,France
Saint André de Cuzac,France
Le Plomb,France
La Rochelle,France
Oléron,France
Oléron,France
Oléron,France
La Rochelle,France
Oléron,France
Oléron,France
La Rochelle,France
Oléron,France
La Rochelle,France
La Rochelle,France
Oléron,France
La Rochelle,France
La Rochelle,France
Oléron,France
Ile de Ré,France
La Rochelle,France
La Flotte en Ré,France
La Tremblade,France
Oléron,France
Oléron,France
La Perrotine,France
Aligre de Marans,France
Oléron,France
Oléron,France
Oléron,France
Charente,France
Aligre de Marans,France
Aligre de Marans,France
Aligre de Marans,France
Aligre de Marans,France
Aligre de Marans,France
La Rochelle,France
La Rochelle,France
Le Plomb,France
La Rochelle,France
Marennes,France
Charente,France
Charente,France
Oléron,France
La Rochelle,France
Charente,France
Charente,France
Charente,France
Charente,France
Charente,France
Charente,France
Aligre de Marans,France
La Rochelle,France
Oléron,France
Marennes,France
La Rochelle,France
Saintes,France
Loix,France
Marennes,France
Charente,France
Charente,France
Charente,France
Ile de Ré,France
La Rochelle,France
La Rochelle,France
La Rochelle,France
La Rochelle,France
La Rochelle,France
La Rochelle,France
La Rochelle,France
La Rochelle,France
Marennes,France
La Rochelle,France
La Rochelle,France
Aligre de Marans,France
Marennes,France
Saint Martin de Ré,France
Aligre de Marans,France
Charente,France
Ars en Ré,France
Oléron,France
La Rochelle,France
La Rochelle,France
Saintes,France
Aligre de Marans,France
Marennes,France
Rochefort,France
Charente,France
Le Plomb,France
Charente,France
La Rochelle,France
Charente,France
La Rochelle,France
Chaput,France
Charente,France
Rochefort,France
Rochefort,France
Rochefort,France
Ribérou [Saujon],France
Oléron,France
Aligre de Marans,France
Brouage,France
Aligre de Marans,France
La Rochelle,France
La Rochelle,France
La Rochelle,France
Seudre,France
Marennes,France
La Rochelle,France
La Rochelle,France
La Rochelle,France
Ile de Ré,France
Marennes,France
Rochefort,France
Marennes,France
Aligre de Marans,France
Charente,France
Saint Martin de Ré,France
Marennes,France
Marennes,France
Charente,France
Seudre,France
Ile de Ré,France
La Rochelle,France
Ile de Ré,France
Ile de Ré,France
Oléron,France
Marennes,France
La Rochelle,France
Oléron,France
Ile de Ré,France
Ars en Ré,France
Oléron,France
La Rochelle,France
Aligre de Marans,France
Marennes,France
Charente,France
Oléron,France
La Rochelle,France
Ile de Ré,France
Ile de Ré,France
Ile de Ré,France
Charente,France
La Rochelle,France
Saint Martin de Ré,France
Rochefort,France
Rochefort,France
Saint Savinien,France
Saint Martin de Ré,France
Royan,France
La Rochelle,France
Rochefort,France
Rochefort,France
Saint Martin de Ré,France
La Rochelle,France
Rochefort,France
Rochefort,France
Rochefort,France
Oléron,France
Aligre de Marans,France
Aligre de Marans,France
Saint Martin de Ré,France
Rochefort,France
Rochefort,France
Saint Martin de Ré,France
Rochefort,France
Rochefort,France
Marennes,France
La Rochelle,France
La Rochelle,France
La Rochelle,France
La Rochelle,France
La Rochelle,France
Aligre de Marans,France
Aligre de Marans,France
Aligre de Marans,France
Saint Martin de Ré,France
Ile de Ré,France
Seudre,France
Oléron,France
La Rochelle,France
Marennes,France
Charente,France
Marennes,France
Oléron,France
Ile de Ré,France
Oléron,France
Marennes,France
Oléron,France
Ribérou [Saujon],France
Ile de Ré,France
Ile de Ré,France
Ile de Ré,France
Ile de Ré,France
Esnandes,France
Esnandes,France
Ile de Ré,France
Fouras,France
La Rochelle,France
Ile de Ré,France
Oléron,France
Rochefort,France
Rochefort,France
La Rochelle,France
La Rochelle,France
Marennes,France
Aligre de Marans,France
Aligre de Marans,France
Oléron,France
dans le Pertuis,France
Charente,France
Charente,France
Charente,France
Charente,France
Oléron,France
Oléron,France
Ile de Ré,France
Anveaux,France
La Rochelle,France
La Rochelle,France
La Rochelle,France
La Rochelle,France
La Rochelle,France
Oléron,France
Marennes,France
Marennes,France
Oléron,France
Rochefort,France
La Rochelle,France
La Rochelle,France
La Rochelle,France
Ile de Ré,France
Ile de Ré,France
Ile de Ré,France
Seudre,France
Seudre,France
Soubise,France
Seudre,France
Seudre,France
Rochefort,France
Ile de Ré,France
Ile de Ré,France
Oléron,France
Rochefort,France
Ile de Ré,France
Ile de Ré,France
Oléron,France
Ile de Ré,France
Ile de Ré,France
Rochefort,France
Rochefort,France
Saint Martin de Ré,France
Rochefort,France
Saint Martin de Ré,France
Royan,France
Rochefort,France
Rochefort,France
Saintes,France
Royan,France
Rochefort,France
Rochefort,France
Brouage,France
Ile de Ré,France
Rochefort,France
Seudre,France
Ile de Ré,France
Ile de Ré,France
Oléron,France
Oléron,France
Rochefort,France
Rochefort,France
Rochefort,France
Oléron,France
Oléron,France
Rochefort,France
Oléron,France
Oléron,France
Oléron,France
Bourcefranc,France
Rochefort,France
Bourcefranc,France
Rochefort,France
Oléron,France
Rochefort,France
Rochefort,France
Oléron,France
Oléron,France
Oléron,France
Rochefort,France
Rochefort,France
Rochefort,France
Oléron,France
Rochefort,France
Rochefort,France
Ribérou [Saujon],France
Ribérou [Saujon],France
Oléron,France
Oléron,France
Rochefort,France
Ile de Ré,France
Rochefort,France
Oléron,France
Oléron,France
Rochefort,France
Anveaux,France
Rochefort,France
Ile de Ré,France
Rochefort,France
Oléron,France
Rochefort,France
Rochefort,France
Oléron,France
Oléron,France
Rochefort,France
Oléron,France
Oléron,France
Oléron,France
Rochefort,France
Rochefort,France
Rochefort,France
Ribérou [Saujon],France
Rochefort,France
Oléron,France
Oléron,France
Oléron,France
Ribérou [Saujon],France
Ile de Ré,France
Ile de Ré,France
Ile de Ré,France
Ile de Ré,France
Rochefort,France
Ile de Ré,France
Rochefort,France
Ile de Ré,France
Ile de Ré,France
Ile de Ré,France
Ile de Ré,France
Ile de Ré,France
Rochefort,France
Ile de Ré,France
Ile de Ré,France
Ile de Ré,France
Ile de Ré,France
Ile de Ré,France
Ile de Ré,France
Oléron,France
Rochefort,France
Oléron,France
Ile de Ré,France
Ile de Ré,France
Ile de Ré,France
Ile de Ré,France
Ile de Ré,France
Oléron,France
Ile de Ré,France
Oléron,France
Oléron,France
Oléron,France
Ile de Ré,France
Ile de Ré,France
Ile de Ré,France
Oléron,France
Ile de Ré,France
Oléron,France
Oléron,France
Oléron,France
Ile de Ré,France
Ile de Ré,France
Oléron,France
Oléron,France
Ile de Ré,France
Ile de Ré,France
Royan,France
Oléron,France
Oléron,France
Rochefort,France
Oléron,France
Rochefort,France
Oléron,France
Ile de Ré,France
Royan,France
Royan,France
Royan,France
Royan,France
Ile de Ré,France
Royan,France
Oléron,France
Oléron,France
Saint Martin de Ré,France
Ile de Ré,France
Saint Martin de Ré,France
Oléron,France
Rochefort,France
Saint Martin de Ré,France
Ile de Ré,France
Ile de Ré,France
Saint Martin de Ré,France
Saint Martin de Ré,France
Rochefort,France
Oléron,France
Ile de Ré,France
Saint Martin de Ré,France
Rochefort,France
Ile de Ré,France
Oléron,France
Ile de Ré,France
Saint Martin de Ré,France
Saint Martin de Ré,France
Saint Martin de Ré,France
Rochefort,France
Saint Martin de Ré,France
Saint Martin de Ré,France
Saint Martin de Ré,France
Saint Martin de Ré,France
Saint Martin de Ré,France
Saint Martin de Ré,France
Saint Denis [d' Oléron],France
Dercie,France
Saint Martin de Ré,France
Ile de Ré,France
Saint Martin de Ré,France
Saint Martin de Ré,France
Ile de Ré,France
Rochefort,France
Rochefort,France
Saint Martin de Ré,France
Saint Denis [d' Oléron],France
La Rochelle,France
Marennes,France
Aligre de Marans,France
La Rochelle,France
La Rochelle,France
La Rochelle,France
Aligre de Marans,France
Aligre de Marans,France
Ile de Ré,France
Aligre de Marans,France
La Rochelle,France
Ile de Ré,France
Dercie,France
La Tremblade,France
Oléron,France
Ile de Ré,France
Seudre,France
Seudre,France
Ile de Ré,France
Ile de Ré,France
Ile de Ré,France
Aligre de Marans,France
Rochefort,France
Oléron,France
Marennes,France
Aligre de Marans,France
Aligre de Marans,France
La Rochelle,France
La Rochelle,France
La Rochelle,France
Rochefort,France
Rochefort,France
Rochefort,France
Rochefort,France
Ribérou [Saujon],France
Dercie,France
Ile de Ré,France
Ile de Ré,France
Ile de Ré,France
Ile de Ré,France
Ile de Ré,France
Oléron,France
Oléron,France
Oléron,France
Oléron,France
La Rochelle,France
Marennes,France
Oléron,France
Oléron,France
Oléron,France
Ile de Ré,France
Oléron,France
Ile de Ré,France
Oléron,France
Oléron,France
Oléron,France
Seudre,France
Oléron,France
Oléron,France
Oléron,France
Oléron,France
Oléron,France
Oléron,France
Ile de Ré,France
Oléron,France
Oléron,France
Ile de Ré,France
Ile de Ré,France
Soubise,France
Seudre,France
Seudre,France
Royan,France
Royan,France
Royan,France
Seudre,France
Seudre,France
Seudre,France
Royan,France
Seudre,France
Saintes,France
Seudre,France
La Flotte en Ré,France
Oléron,France
Oléron,France
Rochefort,France
Oléron,France
Ile de Ré,France
Oléron,France
Rochefort,France
Rochefort,France
La Rochelle,France
La Rochelle,France
Ile de Ré,France
Charente,France
Charente,France
Charente,France
Aligre de Marans,France
Aligre de Marans,France
Oléron,France
Oléron,France
Oléron,France
Oléron,France
Oléron,France
Oléron,France
Oléron,France
Oléron,France
Ile de Ré,France
Couarde île de Ré,France
Rochefort,France
Couarde île de Ré,France
Couarde île de Ré,France
Ribérou [Saujon],France
Saint Martin de Ré,France
Rochefort,France
Oléron,France
Rochefort,France
Rochefort,France
Rochefort,France
Rivedoux,France
Oléron,France
Oléron,France
Ile d' Aix,France
Oléron,France
Rochefort,France
Ile de Ré,France
Ribérou [Saujon],France
Rochefort,France
Oléron,France
Brouage,France
Oléron,France
Ile de Ré,France
Seudre,France
Oléron,France
Ribérou [Saujon],France
Rochefort,France
Brouage,France
Oléron,France
Oléron,France
Oléron,France
Ile de Ré,France
Oléron,France
Ile de Ré,France
Rochefort,France
Ile de Ré,France
Rochefort,France
Rochefort,France
Ile de Ré,France
Ribérou [Saujon],France
La Perrotine,France
Oléron,France
Oléron,France
Oléron,France
Oléron,France
Oléron,France
Marennes,France
Marennes,France
La Rochelle,France
La Tremblade,France
La Rochelle,France
La Rochelle,France
La Rochelle,France
La Rochelle,France
La Rochelle,France
La Rochelle,France
La Rochelle,France
La Rochelle,France
La Rochelle,France
La Rochelle,France
La Rochelle,France
La Rochelle,France
La Rochelle,France
La Rochelle,France
La Rochelle,France
La Rochelle,France
La Rochelle,France
La Rochelle,France
La Rochelle,France
La Rochelle,France
La Rochelle,France
La Rochelle,France
La Rochelle,France
La Rochelle,France
La Rochelle,France
La Rochelle,France
La Rochelle,France
Ile de Ré,France
Ile de Ré,France
Ile de Ré,France
Ile de Ré,France
Ile de Ré,France
Ile de Ré,France
Ile de Ré,France
La Flotte en Ré,France
Charente,France
Charente,France
Charente,France
Charente,France
Charente,France
Charente,France
Charente,France
Charente,France
Charente,France
Charente,France
Charente,France
Charente,France
Charente,France
Charente,France
Charente,France
Charente,France
Charente,France
Charente,France
Charente,France
Charente,France
Charente,France
Charente,France
Charente,France
Charente,France
Charente,France
Charente,France
Charente,France
Aligre de Marans,France
Aligre de Marans,France
Aligre de Marans,France
Aligre de Marans,France
Aligre de Marans,France
Aligre de Marans,France
Aligre de Marans,France
Marennes,France
Marennes,France
Oléron,France
La Rochelle,France
La Rochelle,France
La Rochelle,France
La Rochelle,France
Oléron,France
Oléron,France
La Rochelle,France
Charente,France
La Rochelle,France
Charente,France
Charente,France
Marennes,France
Marennes,France
La Rochelle,France
La Rochelle,France
Ile de Ré,France
Marennes,France
Oléron,France
Oléron,France
Marennes,France
Charente,France
Marennes,France
Charente,France
Charente,France
La Rochelle,France
La Rochelle,France
Oléron,France
Saint Martin de Ré,France
Rochefort,France
Rochefort,France
Rochefort,France
Marennes,France
Rochefort,France
Oléron,France
Oléron,France
Marennes,France
Oléron,France
Oléron,France
Charente,France
Charente,France
Aligre de Marans,France
Aligre de Marans,France
Aligre de Marans,France
Rochefort,France
Aligre de Marans,France
Aligre de Marans,France
Aligre de Marans,France
Aligre de Marans,France
Aligre de Marans,France
Aligre de Marans,France
La Tremblade,France
Saint Savinien,France
Oléron,France
Marennes,France
Aligre de Marans,France
La Rochelle,France
La Rochelle,France
La Rochelle,France
La Rochelle,France
La Rochelle,France
La Rochelle,France
La Rochelle,France
La Rochelle,France
Marennes,France
La Rochelle,France
Marennes,France
Charente,France
La Rochelle,France
Charente,France
La Rochelle,France
Ile de Ré,France
La Rochelle,France
La Rochelle,France
La Rochelle,France
La Rochelle,France
La Rochelle,France
La Rochelle,France
La Rochelle,France
La Rochelle,France
Charente,France
Ile de Ré,France
La Rochelle,France
La Rochelle,France
La Rochelle,France
La Rochelle,France
Marennes,France
La Rochelle,France
Esnandes,France
La Rochelle,France
La Rochelle,France
Aligre de Marans,France
Oléron,France
Loix,France
Charente,France
Charente,France
Aligre de Marans,France
La Rochelle,France
Charente,France
Marennes,France
Oléron,France
Saint Martin de Ré,France
Oléron,France
La Rochelle,France
La Rochelle,France
Ile de Ré,France
Esnandes,France
Ile de Ré,France
Ile de Ré,France
Esnandes,France
Esnandes,France
Esnandes,France
Esnandes,France
Esnandes,France
Esnandes,France
Esnandes,France
Esnandes,France
Esnandes,France
Esnandes,France
Esnandes,France
Esnandes,France
Esnandes,France
Ars en Ré,France
La Flotte en Ré,France
Rochefort,France
Rochefort,France
Rochefort,France
La Rochelle,France
La Rochelle,France
La Rochelle,France
La Rochelle,France
La Rochelle,France
Oléron,France
Oléron,France
Oléron,France
Oléron,France
La Rochelle,France
La Flotte en Ré,France
Rochefort,France
La Rochelle,France
Oléron,France
Oléron,France
La Rochelle,France
Oléron,France
Oléron,France
Oléron,France
Ribérou [Saujon],France
Charente,France
Ile de Ré,France
La Rochelle,France
La Rochelle,France
La Rochelle,France
La Rochelle,France
La Rochelle,France
La Rochelle,France
La Rochelle,France
La Rochelle,France
Rochefort,France
La Rochelle,France
La Rochelle,France
Oléron,France
La Rochelle,France
La Rochelle,France
La Rochelle,France
Oléron,France
La Rochelle,France
La Rochelle,France
La Rochelle,France
Charente,France
La Rochelle,France
Charente,France
Oléron,France
Oléron,France
Oléron,France
Oléron,France
Charente,France
Rochefort,France
Saint Martin de Ré,France
Rochefort,France
Marennes,France
Saint Martin de Ré,France
Marennes,France
Charente,France
Saint Denis [d' Oléron],France
Charente,France
Oléron,France
Soubise,France
Rochefort,France
Ribérou [Saujon],France
Rochefort,France
Oléron,France
Oléron,France
Oléron,France
Oléron,France
Marennes,France
Marennes,France
Marennes,France
La Rochelle,France
La Tremblade,France
Marennes,France
Saint Savinien,France
Saint Savinien,France
Oléron,France
Oléron,France
Oléron,France
Oléron,France
Oléron,France
Oléron,France
Aligre de Marans,France
Aligre de Marans,France
La Rochelle,France
La Rochelle,France
La Rochelle,France
La Rochelle,France
La Rochelle,France
Ile de Ré,France
Charente,France
Charente,France
Charente,France
Charente,France
Aligre de Marans,France
Aligre de Marans,France
Aligre de Marans,France
Aligre de Marans,France
Aligre de Marans,France
Aligre de Marans,France
Aligre de Marans,France
Aligre de Marans,France
Aligre de Marans,France
Aligre de Marans,France
Aligre de Marans,France
Charente,France
Oléron,France
La Rochelle,France
La Rochelle,France
La Flotte en Ré,France
Oléron,France
La Rochelle,France
Marennes,France
Aligre de Marans,France
Marennes,France
La Rochelle,France
Aligre de Marans,France
Charente,France
Oléron,France
La Rochelle,France
La Rochelle,France
La Rochelle,France
La Rochelle,France
La Rochelle,France
Charente,France
Charente,France
Charente,France
Charente,France
Charente,France
Charente,France
Charente,France
Charente,France
Charente,France
Charente,France
Charente,France
Charente,France
Charente,France
Charente,France
Charente,France
Charente,France
Charente,France
Charente,France
Charente,France
Charente,France
Charente,France
Charente,France
Charente,France
Charente,France
Charente,France
Charente,France
Charente,France
Aligre de Marans,France
Aligre de Marans,France
Aligre de Marans,France
Aligre de Marans,France
Aligre de Marans,France
Aligre de Marans,France
Aligre de Marans,France
Aligre de Marans,France
Aligre de Marans,France
Aligre de Marans,France
Aligre de Marans,France
La Rochelle,France
Aligre de Marans,France
dans le Pertuis,France
dans le Pertuis,France
La Rochelle,France
Charente,France
Aligre de Marans,France
Ribérou [Saujon],France
La Rochelle,France
La Rochelle,France
Aligre de Marans,France
La Rochelle,France
Taillebourg,France
Soubise,France
Saint Savinien,France
Oléron,France
Ribérou [Saujon],France
Oléron,France
Marennes,France
Marennes,France
Marennes,France
Marennes,France
Marennes,France
La Rochelle,France
La Rochelle,France
Charente,France
Charente,France
Charente,France
Charente,France
Anveaux,France
La Rochelle,France
Rochefort,France
Rochefort,France
La Rochelle,France
Oléron,France
Aligre de Marans,France
Marennes,France
Ile de Ré,France
Chaput,France
Oléron,France
Ile de Ré,France
Seudre,France
Ile de Ré,France
Ile de Ré,France
La Tremblade,France
La Tremblade,France
La Tremblade,France
Ile de Ré,France
Ile de Ré,France
Marennes,France
Saint Martin de Ré,France
Dercie,France
Saint Martin de Ré,France
Oléron,France
Oléron,France
Oléron,France
Saint Martin de Ré,France
Oléron,France
La Rochelle,France
Marennes,France
Marennes,France
La Rochelle,France
Ile de Ré,France
Ile de Ré,France
Ile de Ré,France
Ile de Ré,France
Ile de Ré,France
Rochefort,France
La Rochelle,France
La Rochelle,France
La Rochelle,France
Charente,France
Chaput,France
Brouage,France
Brouage,France
La Rochelle,France
Oléron,France
La Rochelle,France
Aligre de Marans,France
Charente,France
La Rochelle,France
La Rochelle,France
Marennes,France
La Rochelle,France
La Rochelle,France
La Rochelle,France
La Rochelle,France
La Rochelle,France
La Rochelle,France
Ile de Ré,France
Charente,France
Charente,France
Charente,France
Charente,France
Charente,France
Charente,France
Aligre de Marans,France
Aligre de Marans,France
Ile de Ré,France
Oléron,France
Aligre de Marans,France
Oléron,France
La Rochelle,France
La Rochelle,France
Le Plomb,France
Oléron,France
La Rochelle,France
Oléron,France
Oléron,France
La Rochelle,France
La Rochelle,France
Oléron,France
Oléron,France
Oléron,France
Rochefort,France
Marennes,France
Oléron,France
Aligre de Marans,France
La Rochelle,France
Charente,France
Charente,France
Aligre de Marans,France
Oléron,France
Aligre de Marans,France
Aligre de Marans,France
Aligre de Marans,France
Marennes,France
Charente,France
La Rochelle,France
Charente,France
Oléron,France
Charente,France
La Rochelle,France
La Rochelle,France
La Rochelle,France
Oléron,France
Saint Martin de Ré,France
La Rochelle,France
Ribérou [Saujon],France
Anveaux,France
Charente,France
Royan,France
Oléron,France
Marennes,France
La Rochelle,France
Marennes,France
La Rochelle,France
Aligre de Marans,France
Aligre de Marans,France
Aligre de Marans,France
Mornac,France
Aligre de Marans,France
Ile de Ré,France
Rochefort,France
Ribérou [Saujon],France
Ribérou [Saujon],France
Ile de Ré,France
Oléron,France
Marennes,France
Marennes,France
Marennes,France
Marennes,France
Marennes,France
Marennes,France
Marennes,France
Marennes,France
Marennes,France
Marennes,France
Marennes,France
Marennes,France
Marennes,France
Marennes,France
Marennes,France
Aligre de Marans,France
Aligre de Marans,France
Aligre de Marans,France
Ile de Ré,France
La Tremblade,France
Le Plomb,France
La Tremblade,France
La Tremblade,France
La Rochelle,France
La Rochelle,France
La Rochelle,France
La Rochelle,France
La Rochelle,France
La Rochelle,France
La Rochelle,France
La Rochelle,France
La Rochelle,France
La Rochelle,France
La Rochelle,France
La Rochelle,France
La Rochelle,France
La Rochelle,France
La Rochelle,France
La Rochelle,France
La Rochelle,France
La Rochelle,France
La Rochelle,France
La Rochelle,France
La Rochelle,France
La Rochelle,France
La Rochelle,France
La Rochelle,France
La Rochelle,France
La Rochelle,France
La Rochelle,France
La Rochelle,France
Ile de Ré,France
Ile de Ré,France
Ile de Ré,France
Charente,France
Charente,France
Charente,France
Charente,France
Charente,France
Charente,France
Charente,France
Charente,France
Charente,France
Charente,France
Charente,France
Charente,France
Charente,France
Charente,France
Charente,France
Charente,France
Charente,France
Charente,France
Charente,France
Charente,France
Charente,France
Charente,France
Charente,France
Charente,France
Charente,France
Charente,France
Charente,France
Charente,France
Charente,France
Charente,France
Charente,France
Charente,France
Charente,France
Charente,France
Charente,France
Charente,France
Charente,France
Charente,France
Charente,France
Brouage,France
Aligre de Marans,France
Aligre de Marans,France
Aligre de Marans,France
Aligre de Marans,France
Aligre de Marans,France
La Rochelle,France
Aligre de Marans,France
La Rochelle,France
La Rochelle,France
Rochefort,France
Ile de Ré,France
Saint Martin de Ré,France
Saint Martin de Ré,France
La Rochelle,France
Rochefort,France
La Rochelle,France
Oléron,France
Oléron,France
Saint Martin de Ré,France
Rochefort,France
Oléron,France
Oléron,France
Marennes,France
Marennes,France
La Rochelle,France
La Rochelle,France
La Rochelle,France
La Rochelle,France
Saint Savinien,France
Rochefort,France
La Rochelle,France
La Perrotine,France
Charente,France
Aligre de Marans,France
Ile de Ré,France
La Rochelle,France
Charente,France
Rochefort,France
Charente,France
Le Plomb,France
Charente,France
La Rochelle,France
Charente,France
Charente,France
Charente,France
Charente,France
Charente,France
Charente,France
Charente,France
Charente,France
Charente,France
Charente,France
Aligre de Marans,France
Aligre de Marans,France
La Rochelle,France
La Rochelle,France
Marennes,France
Charente,France
Rochefort,France
Oléron,France
Saint Savinien,France
Aligre de Marans,France
Saint Savinien,France
Oléron,France
Oléron,France
Oléron,France
La Rochelle,France
Charente,France
Charente,France
Charente,France
Charente,France
Charente,France
Anveaux,France
Anveaux,France
Aligre de Marans,France
La Perrotine,France
La Flotte en Ré,France
Charente,France
Aligre de Marans,France
Aligre de Marans,France
Rochefort,France
Charente,France
Aligre de Marans,France
Aligre de Marans,France
La Rochelle,France
Ile de Ré,France
Rochefort,France
Saint Martin de Ré,France
Marennes,France
Aligre de Marans,France
Saint Martin de Ré,France
Saint Martin de Ré,France
Rochefort,France
La Rochelle,France
La Rochelle,France
La Rochelle,France
La Rochelle,France
La Rochelle,France
La Rochelle,France
La Rochelle,France
La Rochelle,France
La Flotte en Ré,France
Ars en Ré,France
Loix,France
Ars en Ré,France
Ars en Ré,France
La Rochelle,France
La Flotte en Ré,France
Saint Martin de Ré,France
Oléron,France
Ars en Ré,France
Ars en Ré,France
La Rochelle,France
La Rochelle,France
Rochefort,France
Rochefort,France
Rochefort,France
La Rochelle,France
Oléron,France
Saint André de Cuzac,France
Rochefort,France
Oléron,France
Oléron,France
La Rochelle,France
Oléron,France
Oléron,France
Oléron,France
Oléron,France
Oléron,France
Oléron,France
Oléron,France
La Rochelle,France
Oléron,France
Marennes,France
La Rochelle,France
Saint Martin de Ré,France
La Rochelle,France
La Rochelle,France
La Rochelle,France
La Rochelle,France
La Rochelle,France
La Rochelle,France
La Rochelle,France
La Rochelle,France
La Rochelle,France
La Rochelle,France
La Rochelle,France
La Rochelle,France
La Rochelle,France
Marennes,France
Oléron,France
Oléron,France
La Rochelle,France
La Rochelle,France
La Rochelle,France
La Rochelle,France
La Rochelle,France
La Rochelle,France
La Rochelle,France
La Rochelle,France
Ile de Ré,France
Chaput,France
Charente,France
Marennes,France
Marennes,France
Oléron,France
La Rochelle,France
Rochefort,France
Rochefort,France
Rochefort,France
Rochefort,France
Marennes,France
Saint Martin de Ré,France
La Rochelle,France
Marennes,France
Saint Martin de Ré,France
La Rochelle,France
Saint Martin de Ré,France
Saint Martin de Ré,France
Saint Martin de Ré,France
Saint Martin de Ré,France
Rochefort,France
Ribérou [Saujon],France
Marennes,France
La Flotte en Ré,France
La Flotte en Ré,France
Marennes,France
Saint Martin de Ré,France
La Rochelle,France
La Rochelle,France
Ile de Ré,France
Soubise,France
Rochefort,France
Rochefort,France
Rochefort,France
Rochefort,France
La Rochelle,France
Marennes,France
Marennes,France
Marennes,France
Marennes,France
La Rochelle,France
Aligre de Marans,France
La Rochelle,France
La Rochelle,France
La Rochelle,France
La Rochelle,France
Ile de Ré,France
Ile de Ré,France
Ile de Ré,France
Le Chateau [d' Oléron],France
Charente,France
Charente,France
Charente,France
Charente,France
Charente,France
Charente,France
Charente,France
Charente,France
Charente,France
Aligre de Marans,France
Aligre de Marans,France
Soubise,France
Charente,France
Aligre de Marans,France
La Rochelle,France
Marennes,France
La Rochelle,France
La Rochelle,France
Rochefort,France
La Rochelle,France
La Rochelle,France
La Rochelle,France
La Rochelle,France
La Rochelle,France
La Rochelle,France
La Rochelle,France
La Rochelle,France
Marennes,France
La Rochelle,France
La Rochelle,France
Rochefort,France
Rochefort,France
Rochefort,France
La Rochelle,France
La Rochelle,France
La Rochelle,France
La Rochelle,France
La Rochelle,France
La Rochelle,France
La Rochelle,France
La Rochelle,France
La Rochelle,France
La Rochelle,France
Charente,France
Charente,France
Charente,France
Charente,France
Charente,France
Charente,France
Charente,France
Charente,France
Charente,France
Charente,France
Charente,France
Charente,France
Charente,France
Charente,France
Charente,France
Charente,France
Charente,France
Charente,France
Charente,France
Charente,France
Charente,France
Charente,France
Charente,France
Charente,France
Charente,France
Charente,France
Charente,France
Charente,France
Charente,France
Charente,France
Charente,France
Charente,France
Charente,France
Charente,France
Charente,France
Charente,France
Charente,France
Charente,France
Charente,France
Charente,France
Charente,France
Charente,France
Charente,France
Charente,France
Charente,France
Charente,France
Charente,France
Charente,France
Aligre de Marans,France
Aligre de Marans,France
Aligre de Marans,France
Aligre de Marans,France
Aligre de Marans,France
Aligre de Marans,France
Aligre de Marans,France
Aligre de Marans,France
Aligre de Marans,France
Aligre de Marans,France
Aligre de Marans,France
Aligre de Marans,France
Aligre de Marans,France
Aligre de Marans,France
Aligre de Marans,France
Aligre de Marans,France
Aligre de Marans,France
Aligre de Marans,France
La Rochelle,France
Saint Martin de Ré,France
Aligre de Marans,France
La Rochelle,France
Charente,France
Aligre de Marans,France
Saint Martin de Ré,France
Rochefort,France
La Rochelle,France
La Rochelle,France
La Rochelle,France
La Rochelle,France
Chaput,France
Rochefort,France
La Rochelle,France
Saint Savinien,France
Marennes,France
Aligre de Marans,France
Ribérou [Saujon],France
Oléron,France
Oléron,France
Oléron,France
Oléron,France
Marennes,France
Charente,France
Marennes,France
La Rochelle,France
Fouras,France
Charron,France
Charente,France
Charente,France
Charente,France
Charente,France
Charente,France
Charente,France
Charente,France
Charente,France
Charente,France
Charente,France
Brouage,France
Anveaux,France
Anveaux,France
Anveaux,France
Charente,France
Marennes,France
Rochefort,France
La Rochelle,France
Oléron,France
La Rochelle,France
La Rochelle,France
Ile de Ré,France
Ile de Ré,France
Charente,France
Charente,France
Oléron,France
La Rochelle,France
Oléron,France
Oléron,France
Charente,France
Seudre,France
Aligre de Marans,France
Saint Savinien,France
Taillebourg,France
Oléron,France
Ile de Ré,France
