port,date_departure
Nantes,",,"
Bordeaux,",,1837"
Nantes,"09,01,1830"
Nantes,"03,25,1830"
Nantes,"03,07,1830"
La Rochelle,"02,19,1831"
Nantes,"07,,1830"
Nantes,"08,17,1830"
Nantes,"08,31,1830"
Nantes,",,1830"
Nantes,"08,06,1830"
Bordeaux,"01,15,1830"
Nantes,"08,03,1829"
Nantes,"07,14,1830"
Nantes,"04,24,1830"
Nantes,"05,13,1830"
Nantes,"03,27,1830"
Nantes,"09,02,1830"
Nantes,"08,25,1830"
Nantes,"04,26,1830"
Nantes,"10,05,1830"
Nantes,"04,23,1829"
Nantes,"11,05,1829"
Nantes,"12,03,1828"
Nantes,"03,08,1829"
Nantes,"08,16,1829"
Nantes,"07,16,1829"
Nantes,"07,05,1829"
Nantes,",,1829"
Nantes,"07,28,1829"
Nantes,"08,02,1829"
Nantes,",,1829"
Nantes,"09,25,1828"
Nantes,",,1828"
Nantes,"11,09,1828"
Nantes,",,1826"
Nantes,"08,23,1826"
Nantes,"09,21,1826"
Nantes,"12,28,1826"
Nantes,"10,29,1827"
Nantes,"03,20,1827"
Nantes,"06,12,1827"
Nantes,"06,13,1827"
Nantes,"02,25,1827"
Nantes,"04,04,1827"
Nantes,"01,27,1827"
Nantes,"08,11,1825"
Nantes,"05,30,1825"
Nantes,"11,15,1825"
Nantes,"01,04,1826"
Nantes,"06,13,1825"
Bordeaux,"08,16,1825"
Bordeaux,",,"
Nantes,"09,27,1825"
Nantes,"12,24,1825"
Nantes,"10,12,1825"
Nantes,"08,19,1825"
Nantes,"02,12,1825"
Nantes,"07,02,1825"
Nantes,"07,13,1825"
Nantes,"06,10,1825"
Nantes,"08,19,1825"
Nantes,"12,27,1825"
Nantes,"07,03,1825"
Nantes,"02,26,1826"
Nantes,"09,07,1826"
Nantes,"12,12,1826"
Nantes,",,1826"
Nantes,"12,19,1826"
Nantes,"01,01,1825"
Nantes,"12,17,1826"
Nantes,"01,04,1826"
Nantes,",,1826"
Nantes,"01,24,1826"
Nantes,"12,22,1826"
Nantes,"08,12,1826"
Nantes,"10,18,1826"
Nantes,"09,29,1826"
Nantes,"09,16,1824"
Nantes,"11,09,1824"
Nantes,"07,08,1824"
Nantes,"08,08,1824"
Nantes,"02,11,1825"
Nantes,"04,07,1825"
Nantes,"02,11,1825"
Nantes,"02,22,1825"
Nantes,"02,24,1824"
Nantes,"09,29,1824"
Nantes,"06,10,1825"
Nantes,"06,12,1825"
Nantes,"03,28,1825"
Nantes,"06,23,1825"
Nantes,"02,22,1825"
Nantes,"03,26,1825"
Nantes,"06,11,1825"
Nantes,"11,14,1824"
Nantes,"09,23,1824"
La Rochelle,"11,17,1824"
Nantes,"12,10,1824"
Nantes,",,1824"
Nantes,"11,09,1824"
Nantes,"05,16,1824"
Nantes,"12,14,1824"
Nantes,"08,08,1824"
Nantes,"09,23,1824"
Nantes,"10,16,1824"
Nantes,"10,16,1824"
Nantes,",,1825"
Nantes,",,1825"
Nantes,"01,09,1825"
Nantes,"08,19,1825"
Nantes,"09,07,1825"
Nantes,"07,26,1825"
Nantes,"07,07,1825"
Nantes,"01,16,1825"
Nantes,"08,11,1825"
Nantes,"02,23,1825"
Nantes,"11,12,1825"
Nantes,"08,19,1825"
Nantes,"06,12,1825"
Nantes,"05,10,1825"
Nantes,"06,09,1825"
Nantes,"01,05,1825"
Nantes,"10,22,1825"
Nantes,",,1825"
Nantes,"03,31,1825"
Nantes,"10,05,1825"
Nantes,"07,22,1825"
Nantes,"04,19,1825"
Nantes,"09,05,1823"
Nantes,"08,21,1823"
Nantes,"06,10,1824"
Nantes,"06,05,1824"
Nantes,",,"
Nantes,",,"
Nantes,"10,22,1823"
Nantes,"02,,1824"
Nantes,"10,29,1823"
Nantes,"12,15,1823"
Nantes,"01,05,1824"
Nantes,"04,03,1823"
Nantes,"09,23,1824"
Bordeaux,"01,13,1824"
Nantes,"08,26,1824"
Nantes,"09,16,1824"
Nantes,"01,06,1824"
Nantes,"08,21,1823"
Nantes,"08,25,1824"
Nantes,"02,24,1824"
Nantes,"09,17,1824"
Nantes,"08,31,1824"
Nantes,"09,16,1824"
Nantes,"04,04,1824"
Nantes,"12,13,1824"
Nantes,"07,11,1824"
Nantes,"08,08,1824"
Nantes,"08,24,1824"
Nantes,"06,18,1824"
Nantes,"05,10,1824"
Nantes,"01,08,1824"
Nantes,"09,24,1824"
Nantes,",,1824"
Nantes,"07,11,1824"
Bordeaux,",,1824"
Nantes,"11,29,1824"
Nantes,"09,01,1822"
Nantes,"11,15,1823"
Nantes,"10,16,1823"
Nantes,"12,16,1823"
Nantes,"12,08,1823"
Nantes,"10,20,1823"
Nantes,"03,01,1823"
Nantes,"03,01,1823"
Nantes,"12,,1823"
Nantes,"09,01,1822"
Nantes,"10,22,1823"
Nantes,"12,02,1823"
Nantes,",,1823"
Nantes,"03,23,1823"
Nantes,"10,22,1823"
Nantes,"02,14,1823"
Nantes,"01,,1823"
Bordeaux,",,1823"
Nantes,"06,,1822"
Nantes,",,1823"
Nantes,"10,06,1821"
Nantes,"01,29,1822"
Nantes,"03,21,1822"
Nantes,"04,15,1822"
Nantes,"01,05,1822"
Nantes,"02,15,1822"
Nantes,"02,,1822"
Bordeaux,"04,20,1822"
Bordeaux,"06,24,1822"
Nantes,"03,27,1822"
Nantes,"05,30,1821"
Nantes,"10,13,1821"
Nantes,"08,,1821"
Nantes,"10,14,1821"
Nantes,"06,16,1821"
Nantes,"07,12,1821"
Nantes,"08,12,1821"
Nantes,"04,28,1821"
Nantes,",,1822"
Nantes,"08,24,1822"
Nantes,"01,01,1822"
Nantes,"01,05,1822"
Bordeaux,",,1822"
Bordeaux,"10,28,1822"
Nantes,"09,22,1822"
Bordeaux,"01,17,1822"
Nantes,",,1822"
Nantes,"05,05,1822"
Nantes,"06,03,1822"
Bordeaux,"11,30,1822"
Nantes,"11,06,1822"
Nantes,"03,26,1822"
Nantes,",,"
Nantes,"06,05,1822"
Bordeaux,"10,11,1822"
Nantes,"12,11,1822"
Nantes,",,1822"
Nantes,"12,10,1822"
Nantes,"01,19,1822"
Nantes,"01,05,1821"
Nantes,"11,30,1820"
Nantes,",,1820"
La Rochelle,"06,09,1820"
Nantes,"10,28,1820"
Bordeaux,"11,16,1820"
Nantes,"09,12,1820"
Nantes,"11,11,1820"
Nantes,"10,18,1820"
Nantes,",,1821"
Nantes,"05,10,1821"
Nantes,"09,26,1821"
Nantes,"08,17,1821"
Nantes,"01,19,1821"
Nantes,"08,22,1821"
Nantes,"02,07,1821"
Nantes,"07,11,1821"
Bordeaux,",,1821"
Nantes,"12,07,1821"
Bordeaux,",,1821"
Bordeaux,",,1821"
Nantes,"04,22,1821"
Nantes,"08,26,1821"
Nantes,"05,04,1821"
Nantes,"03,13,1821"
Nantes,"06,12,1821"
Bordeaux,",,1821"
Bordeaux,"07,17,1821"
Nantes,",,1821"
Nantes,",,1821"
Nantes,"07,18,1821"
Nantes,",,1821"
Nantes,"10,09,1821"
Nantes,"10,23,1818"
Nantes,"09,09,1819"
Nantes,"11,04,1819"
Nantes,"10,09,1819"
Nantes,"08,16,1819"
Nantes,"11,16,1819"
Nantes,"12,29,1819"
Nantes,"09,09,1819"
Nantes,"12,29,1819"
Bordeaux,"01,27,1819"
Nantes,"09,04,1820"
Bordeaux,"05,14,1820"
Nantes,"11,28,1820"
Nantes,"03,,1820"
Nantes,"06,29,1820"
Nantes,"09,01,1820"
Bordeaux,"05,13,1820"
Nantes,"01,01,1820"
Nantes,"09,06,1820"
Nantes,"02,18,1820"
Nantes,"08,19,1820"
Nantes,"01,,1820"
Bordeaux,"01,,1820"
Nantes,"10,11,1820"
Nantes,",,1820"
Bordeaux,",,1820"
Nantes,"09,24,1820"
Nantes,",,"
Nantes,"07,25,1819"
Bordeaux,",,1817"
Nantes,"11,19,1818"
Nantes,"05,05,1819"
Bordeaux,"01,08,1819"
Nantes,"03,18,1819"
Nantes,"06,03,1819"
Nantes,"06,17,1819"
Nantes,"04,15,1819"
Nantes,",,1819"
Bordeaux,"04,26,1819"
Nantes,",,1818"
Nantes,"09,15,1818"
Nantes,"11,25,1818"
Nantes,"04,09,1818"
Nantes,",,1818"
Nantes,"06,08,1818"
Bordeaux,"01,,1818"
Nantes,"10,21,1818"
Nantes,"08,08,1818"
Bordeaux,"01,10,1818"
Bordeaux,"03,26,1818"
Nantes,",,1818"
Bordeaux,"08,17,1818"
Nantes,"08,01,1817"
Nantes,"04,01,1815"
Nantes,"07,12,1816"
Nantes,"12,24,1817"
Nantes,"06,28,1817"
Nantes,"03,27,1817"
Nantes,"05,09,1817"
Bordeaux,"06,03,1817"
Nantes,",,1817"
Nantes,"08,21,1817"
Nantes,"02,15,1817"
Nantes,"11,08,1817"
Bordeaux,"07,05,1817"
Bordeaux,"10,16,1817"
Nantes,"01,30,1816"
Bordeaux,"06,14,1816"
Bordeaux,"12,15,1814"
Nantes,"02,26,1815"
Bordeaux,"02,10,1815"
Nantes,",,1815"
Nantes,"01,02,1815"
Nantes,"04,03,1815"
Nantes,",,1815"
Bordeaux,",,1814"
Nantes,"12,03,1814"
Bordeaux,"01,06,1804"
Bordeaux,",,"
Bordeaux,",,"
Bordeaux,"06,,1802"
Bordeaux,"06,05,1802"
Bordeaux,"06,18,1802"
Bordeaux,"07,13,1802"
Bordeaux,"07,27,1802"
Bordeaux,"07,,1802"
Bordeaux,"10,10,1802"
Bordeaux,"10,30,1802"
Bordeaux,"01,23,1803"
Bordeaux,"03,10,1803"
Bordeaux,"06,18,1802"
Bordeaux,"02,14,1803"
Nantes,"02,04,1803"
Rochefort,",,"
Nantes,",,"
Bordeaux,"08,02,1802"
Bordeaux,"06,,1802"
Bordeaux,",,1802"
Nantes,"03,11,1792"
Nantes,"01,27,1793"
Nantes,"04,29,1792"
Nantes,"08,06,1792"
Nantes,"08,08,1792"
Nantes,"08,21,1792"
Nantes,"09,07,1792"
Nantes,"10,02,1792"
Nantes,"10,26,1792"
Nantes,"10,26,1792"
Nantes,"11,29,1792"
Nantes,"01,14,1793"
Nantes,"01,15,1793"
Nantes,"01,16,1793"
Nantes,"01,17,1793"
Nantes,"01,29,1793"
Rochefort,"12,29,1791"
Bordeaux,"03,,1792"
Bordeaux,"05,11,1792"
Bordeaux,"08,01,1792"
Bordeaux,"09,27,1792"
Bordeaux,"11,08,1792"
La Rochelle,"04,26,1792"
Bordeaux,"12,27,1791"
Nantes,"12,29,1790"
Nantes,"04,10,1791"
Nantes,"04,11,1791"
Nantes,"04,14,1791"
Nantes,"04,15,1791"
Nantes,"04,28,1791"
Nantes,",,1791"
Nantes,"05,29,1791"
Nantes,"06,01,1791"
Nantes,"06,19,1791"
Nantes,"09,16,1791"
Nantes,"07,08,1791"
Nantes,"07,16,1791"
Nantes,"07,16,1791"
Nantes,"07,16,1791"
Nantes,"08,02,1791"
Nantes,"08,08,1791"
Nantes,"09,07,1791"
Nantes,"09,08,1791"
Nantes,"09,08,1791"
Nantes,"10,,1791"
Nantes,"10,26,1791"
Nantes,"10,29,1791"
Nantes,"01,03,1792"
Nantes,"01,06,1792"
Nantes,"01,08,1792"
Nantes,"01,03,1792"
Nantes,"07,09,1792"
Nantes,"12,,1792"
Nantes,"12,,1792"
Rochefort,"07,29,1791"
Bordeaux,"07,19,1790"
Bordeaux,"02,05,1791"
Bordeaux,"02,11,1791"
Bordeaux,"03,14,1791"
Bordeaux,"04,27,1791"
Bordeaux,"09,19,1791"
Bordeaux,"12,06,1791"
Bordeaux,"12,06,1791"
Bordeaux,"02,14,1792"
Bordeaux,"02,16,1792"
Bordeaux,"03,12,1792"
Bordeaux,"05,05,1792"
Bordeaux,"06,04,1792"
Bordeaux,"06,16,1792"
Bordeaux,"10,07,1792"
La Rochelle,"12,02,1790"
La Rochelle,"05,05,1791"
La Rochelle,"08,06,1791"
La Rochelle,"09,09,1791"
La Rochelle,"02,04,1792"
Nantes,"03,16,1790"
Nantes,"04,17,1790"
Nantes,"05,10,1790"
Nantes,"05,12,1790"
Nantes,"06,05,1790"
Nantes,"06,15,1790"
Nantes,"06,15,1790"
Nantes,"06,21,1790"
Nantes,"07,19,1790"
Nantes,"07,24,1790"
Nantes,"07,24,1790"
Nantes,"08,01,1790"
Nantes,"08,07,1790"
Nantes,"08,07,1790"
Nantes,"08,30,1790"
Nantes,"08,30,1790"
Nantes,"08,16,1790"
Nantes,"09,18,1790"
Nantes,"10,30,1790"
Nantes,"10,30,1790"
Nantes,"11,08,1790"
Nantes,"11,09,1790"
Nantes,"11,09,1790"
Nantes,"11,13,1790"
Nantes,"11,14,1790"
Nantes,"12,05,1790"
Nantes,"12,26,1790"
Nantes,"01,26,1791"
Nantes,"01,27,1791"
Nantes,"02,20,1791"
Nantes,"02,28,1791"
Nantes,"03,18,1791"
Nantes,"03,31,1791"
Nantes,"04,10,1791"
Nantes,"04,12,1791"
Nantes,"04,13,1791"
Nantes,"04,28,1791"
Nantes,"05,23,1791"
Nantes,"05,29,1791"
Nantes,"06,04,1791"
Rochefort,"11,19,1789"
Rochefort,"11,09,1790"
Bordeaux,"02,05,1791"
Bordeaux,"12,12,1788"
Bordeaux,"09,07,1789"
Bordeaux,"10,05,1789"
Bordeaux,"10,28,1789"
Bordeaux,"11,20,1789"
Bordeaux,"11,28,1789"
Bordeaux,"12,23,1789"
Bordeaux,"03,17,1790"
Bordeaux,"03,30,1790"
Bordeaux,"05,05,1790"
Bordeaux,"10,28,1790"
Bordeaux,"11,27,1790"
Bordeaux,"12,30,1790"
Bordeaux,"01,25,1791"
Bordeaux,"01,26,1791"
Bordeaux,"01,22,1791"
Bordeaux,"02,10,1791"
Bordeaux,"04,11,1791"
Bordeaux,"06,20,1791"
Bordeaux,"06,22,1791"
Bordeaux,"09,19,1791"
Bordeaux,"10,17,1791"
Bordeaux,"11,05,1791"
La Rochelle,"11,14,1789"
La Rochelle,"04,19,1790"
La Rochelle,"06,01,1790"
La Rochelle,"06,12,1790"
La Rochelle,"07,18,1790"
La Rochelle,"09,22,1790"
La Rochelle,"10,29,1790"
La Rochelle,"03,18,1791"
Nantes,"03,17,1789"
Nantes,"03,27,1789"
Nantes,"03,27,1789"
Nantes,"04,12,1789"
Nantes,"04,20,1789"
Nantes,"04,24,1789"
Nantes,"04,24,1789"
Nantes,"05,04,1789"
Nantes,"05,10,1789"
Nantes,"05,11,1789"
Nantes,"06,07,1789"
Nantes,"06,11,1789"
Nantes,"06,05,1789"
Nantes,"07,30,1789"
Nantes,"07,30,1789"
Nantes,"07,31,1789"
Nantes,"08,03,1789"
Nantes,"08,06,1789"
Nantes,"07,23,1789"
Nantes,"08,13,1789"
Nantes,"09,16,1789"
Nantes,"09,25,1789"
Nantes,"09,26,1789"
Nantes,"09,26,1789"
Nantes,"10,22,1789"
Nantes,"10,22,1789"
Nantes,"10,22,1789"
Nantes,"10,22,1789"
Nantes,"10,25,1789"
Nantes,"10,27,1789"
Nantes,"11,20,1789"
Nantes,"11,20,1789"
Nantes,"11,20,1789"
Nantes,"11,21,1789"
Nantes,"11,21,1789"
Nantes,"11,22,1789"
Nantes,"11,30,1789"
Nantes,"01,05,1790"
Nantes,"01,05,1790"
Nantes,"01,18,1790"
Nantes,"02,04,1790"
Nantes,"02,05,1790"
Nantes,"02,18,1790"
Nantes,"03,06,1790"
Nantes,"03,06,1790"
Nantes,"03,18,1790"
Nantes,"04,27,1790"
Nantes,"05,10,1790"
Nantes,"06,20,1790"
Nantes,"11,28,1790"
Rochefort,"01,01,1789"
Rochefort,"11,28,1789"
Rochefort,"03,09,1790"
Nantes,",,1790"
Bordeaux,"05,20,1788"
Bordeaux,"07,24,1788"
Bordeaux,"09,09,1788"
Bordeaux,"09,26,1788"
Bordeaux,"09,30,1788"
Bordeaux,"01,28,1789"
Bordeaux,"02,14,1789"
Bordeaux,"02,14,1789"
Bordeaux,"02,26,1789"
Bordeaux,"02,27,1789"
Bordeaux,"03,12,1789"
Bordeaux,"03,21,1789"
Bordeaux,"04,14,1789"
Bordeaux,"04,16,1789"
Bordeaux,"04,23,1789"
Bordeaux,"04,27,1789"
Bordeaux,"04,30,1789"
Bordeaux,"05,08,1789"
Bordeaux,"05,06,1789"
Bordeaux,"05,26,1789"
Bordeaux,"06,06,1789"
Bordeaux,"07,11,1789"
Bordeaux,"08,22,1789"
Bordeaux,"08,29,1789"
Bordeaux,"08,31,1789"
Bordeaux,"10,06,1789"
Bordeaux,"10,09,1789"
Bordeaux,"10,19,1789"
Bordeaux,"10,22,1789"
Bordeaux,"11,06,1789"
Bordeaux,"12,02,1789"
Bordeaux,"01,19,1790"
Bordeaux,"02,06,1790"
Bordeaux,"02,10,1790"
Bordeaux,"02,26,1790"
Bordeaux,"03,24,1790"
Bordeaux,"11,13,1790"
Bordeaux,"12,24,1790"
La Rochelle,"02,01,1789"
La Rochelle,"04,09,1789"
La Rochelle,"06,13,1789"
La Rochelle,"07,02,1789"
La Rochelle,"06,17,1789"
La Rochelle,"07,29,1789"
La Rochelle,"08,01,1789"
La Rochelle,"09,09,1789"
La Rochelle,"09,19,1789"
La Rochelle,"01,11,1790"
La Rochelle,"01,21,1790"
La Rochelle,"04,13,1790"
La Rochelle,"05,18,1790"
La Rochelle,"06,,1790"
La Rochelle,"06,24,1790"
Nantes,"12,26,1787"
Nantes,"01,12,1788"
Nantes,"04,05,1788"
Nantes,"04,06,1788"
Nantes,"04,06,1788"
Nantes,"05,14,1788"
Nantes,"05,27,1788"
Nantes,"06,21,1788"
Nantes,"07,18,1788"
Nantes,"07,21,1788"
Nantes,"08,21,1788"
Nantes,"07,31,1788"
Nantes,"09,03,1788"
Nantes,"09,06,1788"
Nantes,"09,06,1788"
Nantes,"10,10,1788"
Nantes,"10,14,1788"
Nantes,"10,22,1788"
Nantes,"10,28,1788"
Nantes,"10,31,1788"
Nantes,"10,31,1788"
Nantes,"11,02,1788"
Nantes,"11,06,1788"
Nantes,"11,08,1788"
Nantes,"11,14,1788"
Nantes,"11,22,1788"
Nantes,"03,01,1789"
Nantes,"03,08,1789"
Nantes,"03,06,1789"
Nantes,"04,12,1789"
Nantes,"05,10,1789"
Nantes,"05,10,1789"
Nantes,"06,13,1789"
Nantes,"08,09,1789"
Rochefort,"04,25,1788"
Bordeaux,"12,24,1789"
Bordeaux,"06,23,1786"
Bordeaux,",,1787"
Bordeaux,"03,29,1787"
Bordeaux,"08,17,1787"
Bordeaux,"11,28,1787"
Bordeaux,"01,10,1788"
Bordeaux,"02,13,1788"
Bordeaux,"03,01,1788"
Bordeaux,"03,06,1788"
Bordeaux,"04,09,1788"
Bordeaux,"04,11,1788"
Bordeaux,"07,04,1788"
Bordeaux,"07,18,1788"
Bordeaux,"09,01,1788"
Bordeaux,"11,30,1788"
Bordeaux,"12,17,1788"
Bordeaux,"01,27,1789"
Bordeaux,"04,24,1789"
Bordeaux,"05,11,1789"
La Rochelle,"12,28,1787"
La Rochelle,"03,10,1788"
La Rochelle,"07,21,1788"
La Rochelle,"10,20,1788"
La Rochelle,"12,12,1788"
La Rochelle,"12,31,1788"
Nantes,"10,24,1786"
Nantes,"11,02,1786"
Nantes,"12,26,1786"
Nantes,"01,06,1787"
Nantes,"01,09,1787"
Nantes,"02,21,1787"
Nantes,"03,14,1787"
Nantes,"03,14,1787"
Nantes,"04,02,1787"
Nantes,"04,09,1787"
Nantes,"05,19,1787"
Nantes,"06,08,1787"
Nantes,"06,30,1787"
Nantes,"07,02,1787"
Nantes,"08,02,1787"
Nantes,"08,21,1787"
Nantes,"08,22,1787"
Nantes,"09,01,1787"
Nantes,"09,11,1787"
Nantes,"09,11,1787"
Nantes,"09,20,1787"
Nantes,"09,23,1787"
Nantes,"11,21,1787"
Nantes,"12,26,1787"
Nantes,"12,27,1787"
Nantes,"03,11,1788"
Nantes,"04,16,1788"
Nantes,"05,14,1788"
Nantes,"05,21,1788"
Nantes,"06,04,1788"
Nantes,"07,20,1788"
Nantes,"07,20,1788"
Nantes,"08,28,1788"
Bordeaux,"03,02,1786"
Bordeaux,"10,10,1788"
Bordeaux,"09,11,1786"
Bordeaux,"11,23,1786"
Bordeaux,"12,04,1786"
Bordeaux,"12,06,1786"
Bordeaux,"01,18,1787"
Bordeaux,"02,16,1787"
Bordeaux,"02,,1787"
Bordeaux,"05,15,1787"
Bordeaux,"05,11,1787"
Bordeaux,"07,13,1787"
Bordeaux,"08,,1787"
Bordeaux,"10,,1787"
Bordeaux,"12,13,1787"
Bordeaux,"12,,1787"
Bordeaux,",,1787"
Bordeaux,"01,23,1788"
Bordeaux,"04,15,1788"
La Rochelle,"11,05,1786"
La Rochelle,"11,13,1786"
La Rochelle,"12,31,1786"
La Rochelle,"01,03,1787"
La Rochelle,"02,19,1787"
La Rochelle,"04,07,1787"
La Rochelle,"05,02,1787"
La Rochelle,"06,28,1787"
La Rochelle,"07,28,1787"
La Rochelle,"08,28,1787"
La Rochelle,"12,28,1787"
La Rochelle,"01,08,1788"
La Rochelle,"03,03,1788"
La Rochelle,"03,03,1788"
Nantes,"11,22,1785"
Nantes,"11,23,1785"
Nantes,"11,24,1785"
Nantes,"11,09,1785"
Nantes,"12,22,1785"
Nantes,"12,22,1785"
Nantes,"03,29,1786"
Nantes,"03,30,1786"
Nantes,"04,10,1786"
Nantes,"05,25,1786"
Nantes,"05,26,1786"
Nantes,"05,29,1786"
Nantes,"05,29,1786"
Nantes,"06,13,1786"
Nantes,"07,01,1786"
Nantes,"07,05,1786"
Nantes,"07,12,1786"
Nantes,"07,06,1786"
Nantes,"07,25,1786"
Nantes,"08,08,1786"
Nantes,"08,09,1786"
Nantes,"09,20,1786"
Nantes,"09,22,1786"
Nantes,"09,22,1786"
Nantes,"09,23,1786"
Nantes,"10,15,1786"
Nantes,"10,15,1786"
Nantes,"10,18,1786"
Nantes,"10,25,1786"
Nantes,"10,26,1786"
Nantes,"12,25,1786"
Nantes,"12,25,1786"
Nantes,"01,10,1787"
Nantes,"02,01,1787"
Nantes,"02,04,1787"
Nantes,"02,20,1787"
Nantes,"05,09,1787"
Nantes,"06,30,1787"
Rochefort,"04,13,1786"
Rochefort,"07,17,1786"
Rochefort,"07,17,1786"
Rochefort,"05,,1787"
Bordeaux,"08,28,1786"
Bordeaux,",,"
Bordeaux,"08,13,1785"
Bordeaux,"08,23,1785"
Bordeaux,"09,13,1785"
Bordeaux,"01,18,1786"
Bordeaux,"01,19,1786"
Bordeaux,"02,14,1786"
Bordeaux,"02,15,1786"
Bordeaux,"02,24,1786"
Bordeaux,"03,04,1786"
Bordeaux,"03,09,1786"
Bordeaux,"04,16,1786"
Bordeaux,"08,25,1786"
Bordeaux,"09,06,1786"
Bordeaux,"09,22,1786"
Bordeaux,"12,02,1786"
Bordeaux,"12,09,1786"
Bordeaux,"01,23,1787"
Bordeaux,"02,,1787"
Bordeaux,"04,,1787"
Bordeaux,"09,04,1787"
La Rochelle,"02,14,1786"
La Rochelle,"03,27,1786"
La Rochelle,"04,04,1786"
La Rochelle,"04,12,1786"
La Rochelle,"05,01,1786"
La Rochelle,"05,28,1786"
La Rochelle,"06,10,1786"
La Rochelle,"07,17,1786"
La Rochelle,"07,21,1786"
La Rochelle,"08,08,1786"
La Rochelle,"9,20,1786"
La Rochelle,"10,18,1786"
La Rochelle,"11,03,1786"
La Rochelle,"12,20,1786"
La Rochelle,"12,20,1786"
La Rochelle,"12,20,1786"
La Rochelle,"01,22,1787"
La Rochelle,"01,27,1787"
Bordeaux,"06,23,1786"
Nantes,"08,14,1784"
Nantes,"09,07,1784"
Nantes,"01,26,1785"
Nantes,"03,01,1785"
Nantes,"03,25,1785"
Nantes,"03,29,1785"
Nantes,"03,29,1785"
Nantes,"04,17,1785"
Nantes,"04,18,1785"
Nantes,"04,20,1785"
Nantes,"07,08,1785"
Nantes,"09,12,1785"
Nantes,"09,23,1785"
Nantes,"10,18,1785"
Nantes,"10,23,1785"
Nantes,"11,09,1785"
Nantes,"12,10,1785"
Nantes,"12,22,1785"
Nantes,"12,23,1785"
Nantes,"03,02,1786"
Nantes,"03,27,1786"
Nantes,"03,30,1786"
Nantes,"04,09,1786"
Nantes,"05,25,1786"
Nantes,"06,07,1785"
Nantes,"12,19,1786"
Nantes,"12,20,1786"
Rochefort,"07,08,1785"
Bordeaux,"02,11,1786"
Bordeaux,"05,01,1786"
Bordeaux,"12,14,1786"
Bordeaux,"10,01,1783"
Bordeaux,"11,06,1784"
Bordeaux,"05,13,1785"
Bordeaux,"05,14,1785"
Bordeaux,"07,25,1785"
Bordeaux,"08,23,1785"
Bordeaux,"09,30,1785"
Bordeaux,"10,15,1785"
Bordeaux,"01,10,1786"
Bordeaux,"01,12,1786"
Bordeaux,"02,14,1786"
La Rochelle,"10,,1784"
La Rochelle,"04,03,1785"
La Rochelle,"04,11,1785"
La Rochelle,"04,13,1785"
La Rochelle,"06,12,1785"
La Rochelle,"06,18,1785"
La Rochelle,"07,09,1785"
La Rochelle,"08,11,1785"
La Rochelle,"04,27,1785"
La Rochelle,"09,28,1785"
La Rochelle,"09,28,1785"
La Rochelle,"10,14,1785"
La Rochelle,"11,08,1785"
La Rochelle,"11,09,1785"
La Rochelle,"12,28,1785"
La Rochelle,"02,28,1786"
La Rochelle,"03,11,1786"
La Rochelle,"04,08,1786"
Nantes,"04,10,1783"
Nantes,"08,26,1783"
Nantes,"11,23,1783"
Nantes,"01,10,1784"
Nantes,"03,18,1784"
Nantes,"03,15,1784"
Nantes,"04,17,1784"
Nantes,"04,29,1784"
Nantes,"05,03,1784"
Nantes,"06,04,1784"
Nantes,"06,30,1784"
Nantes,"08,02,1784"
Nantes,"10,03,1784"
Nantes,"10,10,1784"
Nantes,"11,06,1784"
Nantes,"12,01,1784"
Nantes,"12,10,1784"
Nantes,"12,16,1784"
Nantes,"02,14,1785"
Nantes,"03,15,1785"
Nantes,"03,17,1785"
Nantes,"03,17,1785"
Nantes,"03,30,1785"
Nantes,"04,12,1785"
Nantes,"05,05,1785"
Nantes,"05,09,1785"
Nantes,"06,14,1785"
Nantes,"06,20,1785"
Rochefort,"09,10,1784"
Bordeaux,"10,16,1783"
Bordeaux,"07,15,1784"
Bordeaux,"12,02,1784"
Bordeaux,"03,07,1785"
Bordeaux,"03,17,1785"
Bordeaux,"03,17,1785"
Bordeaux,"07,04,1785"
Bordeaux,"08,03,1785"
Bordeaux,"08,10,1785"
Bordeaux,"11,14,1785"
La Rochelle,"03,12,1784"
La Rochelle,"03,12,1784"
La Rochelle,"03,02,1784"
La Rochelle,"03,31,1784"
La Rochelle,"06,02,1784"
La Rochelle,"07,11,1784"
La Rochelle,"08,02,1784"
La Rochelle,"08,28,1784"
La Rochelle,"08,28,1784"
La Rochelle,"09,06,1784"
La Rochelle,"09,06,1784"
La Rochelle,"09,16,1784"
La Rochelle,"01,10,1785"
Nantes,"11,28,1781"
Nantes,"03,17,1783"
Nantes,"04,08,1783"
Nantes,"04,22,1783"
Nantes,"05,08,1783"
Nantes,"05,01,1783"
Nantes,"05,20,1783"
Nantes,"06,07,1783"
Nantes,"06,20,1783"
Nantes,"06,22,1783"
Nantes,"06,23,1783"
Nantes,"06,23,1783"
Nantes,"06,24,1783"
Nantes,"08,13,1783"
Nantes,"08,14,1783"
Nantes,"08,14,1783"
Nantes,"10,14,1783"
Nantes,"11,02,1783"
Nantes,"11,07,1783"
Nantes,"12,02,1783"
Nantes,"12,08,1783"
Nantes,"12,29,1783"
Nantes,"03,11,1784"
Nantes,"03,12,1784"
Nantes,"05,05,1784"
Rochefort,"09,25,1784"
Bordeaux,",,1784"
Bordeaux,"03,29,1783"
Bordeaux,"04,17,1783"
Bordeaux,"04,28,1783"
Bordeaux,"05,26,1783"
Bordeaux,"06,09,1783"
Bordeaux,"06,29,1783"
Bordeaux,"06,28,1783"
Bordeaux,"08,04,1783"
Bordeaux,"10,08,1783"
Bordeaux,"10,10,1783"
Bordeaux,"11,17,1783"
Bordeaux,",,1783"
Bordeaux,"04,29,1784"
La Rochelle,"03,17,1783"
La Rochelle,"04,15,1783"
La Rochelle,"05,16,1783"
La Rochelle,"05,17,1783"
La Rochelle,"05,17,1783"
La Rochelle,"07,08,1783"
La Rochelle,"07,08,1783"
La Rochelle,"08,01,1783"
La Rochelle,"05,31,1783"
La Rochelle,"07,26,1783"
La Rochelle,"09,11,1783"
La Rochelle,"09,11,1783"
La Rochelle,"09,11,1783"
La Rochelle,"11,07,1783"
Nantes,"01,28,1783"
Nantes,"02,27,1783"
Nantes,"03,18,1783"
Nantes,"03,25,1783"
Nantes,"03,26,1783"
Nantes,"06,01,1783"
Nantes,"05,12,1783"
Nantes,"06,07,1783"
Nantes,"12,18,1783"
Bordeaux,",,1783"
Bordeaux,"03,03,1783"
La Rochelle,"11,27,1782"
La Rochelle,"01,28,1783"
La Rochelle,"07,03,1783"
Nantes,"04,08,1782"
Nantes,"06,29,1781"
La Rochelle,"04,30,1782"
La Rochelle,"03,09,1781"
Bordeaux,"03,02,1778"
La Rochelle,"11,10,1777"
La Rochelle,"03,11,1778"
Nantes,",,1775"
Nantes,"02,08,1777"
Nantes,"05,17,1777"
Nantes,"06,08,1777"
Nantes,"06,08,1777"
Nantes,"07,09,1777"
Nantes,"08,01,1777"
Nantes,"08,15,1777"
Nantes,"08,11,1777"
Nantes,"08,28,1777"
Nantes,"09,06,1777"
Nantes,"10,09,1777"
Nantes,"09,25,1777"
Nantes,"10,31,1777"
Nantes,"11,08,1777"
Nantes,"12,09,1777"
Nantes,"01,07,1778"
Nantes,"07,08,1778"
Bordeaux,"06,25,1777"
Bordeaux,"07,24,1777"
Bordeaux,"11,14,1777"
Bordeaux,",,1778"
La Rochelle,"06,02,1777"
La Rochelle,"07,15,1777"
La Rochelle,"07,15,1777"
La Rochelle,"07,28,1777"
La Rochelle,"09,02,1777"
La Rochelle,"09,19,1777"
La Rochelle,"11,04,1777"
La Rochelle,"01,29,1778"
La Rochelle,"01,30,1778"
Nantes,"08,14,1775"
Nantes,"03,25,1776"
Nantes,"04,27,1776"
Nantes,"05,11,1776"
Nantes,"05,21,1776"
Nantes,"05,22,1776"
Nantes,"06,02,1776"
Nantes,"06,03,1776"
Nantes,"06,19,1776"
Nantes,"07,19,1776"
Nantes,"06,19,1776"
Nantes,"07,25,1776"
Nantes,"07,31,1776"
Nantes,"08,21,1776"
Nantes,"09,17,1776"
Nantes,"10,04,1776"
Nantes,"10,06,1776"
Nantes,"01,22,1777"
Nantes,"04,03,1777"
Nantes,"04,05,1777"
Nantes,"04,19,1777"
Nantes,"05,10,1777"
Nantes,"06,05,1777"
Nantes,"09,24,1777"
Bordeaux,"12,09,1775"
Bordeaux,"01,30,1776"
Bordeaux,"05,22,1776"
Bordeaux,"06,14,1776"
Bordeaux,"06,15,1776"
Bordeaux,"08,23,1776"
Bordeaux,"11,25,1776"
Bordeaux,"12,27,1776"
Bordeaux,"12,31,1776"
La Rochelle,"01,27,1776"
La Rochelle,"04,10,1776"
La Rochelle,"04,30,1776"
La Rochelle,"06,17,1776"
La Rochelle,"07,03,1776"
La Rochelle,"10,04,1776"
La Rochelle,"10,14,1776"
La Rochelle,"01,03,1777"
La Rochelle,"02,08,1777"
La Rochelle,"03,29,1777"
La Rochelle,",,1777"
Nantes,"09,08,1774"
Nantes,"10,04,1774"
Nantes,"11,12,1774"
Nantes,"03,14,1775"
Nantes,"05,01,1775"
Nantes,"05,02,1775"
Nantes,"05,11,1775"
Nantes,"05,11,1775"
Nantes,"05,16,1775"
Nantes,"05,20,1775"
Nantes,"08,05,1775"
Nantes,"08,07,1775"
Nantes,"09,27,1775"
Nantes,"09,27,1775"
Nantes,"10,16,1775"
Nantes,"10,25,1775"
Nantes,"10,26,1775"
Nantes,"10,26,1775"
Nantes,"10,27,1775"
Nantes,"12,08,1775"
Nantes,"04,26,1776"
Nantes,"05,22,1776"
Nantes,"06,03,1776"
Nantes,"06,19,1776"
Bordeaux,"11,23,1774"
Bordeaux,"01,16,1775"
Bordeaux,"02,22,1775"
Bordeaux,"06,09,1775"
Bordeaux,"08,20,1775"
Bordeaux,"09,17,1775"
Bordeaux,"11,27,1775"
Bordeaux,"12,11,1775"
Bordeaux,"03,15,1776"
Bordeaux,"06,11,1776"
La Rochelle,"10,28,1774"
La Rochelle,",,1774"
La Rochelle,"05,18,1775"
La Rochelle,"05,24,1775"
La Rochelle,"05,31,1775"
La Rochelle,"07,22,1775"
La Rochelle,"07,27,1775"
La Rochelle,"08,21,1775"
La Rochelle,"10,14,1775"
La Rochelle,"11,23,1775"
La Rochelle,"05,01,1776"
Nantes,"09,21,1773"
Nantes,"01,03,1774"
Nantes,"01,06,1774"
Nantes,"01,10,1774"
Nantes,"03,10,1774"
Nantes,"04,28,1774"
Nantes,"06,09,1774"
Nantes,"09,08,1774"
Nantes,"10,11,1774"
Nantes,"11,12,1774"
Nantes,"11,12,1774"
Nantes,"11,23,1774"
Nantes,"12,19,1774"
Nantes,"04,09,1775"
Nantes,"12,01,1775"
Bordeaux,"02,12,1774"
Bordeaux,"04,08,1774"
Bordeaux,"04,09,1774"
Bordeaux,"07,19,1774"
Bordeaux,"12,21,1774"
Bordeaux,"04,07,1775"
Bordeaux,"06,03,1775"
La Rochelle,"12,07,1773"
La Rochelle,"01,22,1774"
La Rochelle,"03,20,1774"
La Rochelle,"12,07,1774"
La Rochelle,"03,30,1774"
La Rochelle,"04,14,1774"
La Rochelle,"05,20,1774"
La Rochelle,"06,16,1774"
La Rochelle,"08,01,1774"
La Rochelle,"08,13,1774"
Nantes,"01,31,1773"
Nantes,"03,07,1773"
Nantes,"03,22,1773"
Nantes,"04,23,1773"
Nantes,"05,29,1773"
Nantes,"05,29,1773"
Nantes,"06,01,1773"
Nantes,"06,23,1773"
Nantes,"07,12,1773"
Nantes,"08,24,1773"
Nantes,"10,15,1773"
Nantes,"10,15,1773"
Nantes,"10,19,1773"
Nantes,"11,17,1773"
Nantes,"11,19,1773"
Nantes,"11,20,1773"
Nantes,"12,09,1773"
Nantes,"12,31,1773"
Nantes,"12,31,1773"
Nantes,"01,01,1774"
Nantes,"01,03,1774"
Nantes,"03,12,1774"
Nantes,"08,08,1774"
Bordeaux,"09,27,1774"
Bordeaux,",,1774"
Bordeaux,"02,02,1773"
Bordeaux,"05,09,1773"
Bordeaux,"08,19,1773"
Bordeaux,"10,15,1773"
Bordeaux,"01,03,1774"
Bordeaux,"02,14,1774"
Bordeaux,"02,19,1774"
Bordeaux,"06,20,1774"
Bordeaux,"12,21,1774"
La Rochelle,"06,11,1773"
La Rochelle,"10,15,1773"
La Rochelle,"01,25,1774"
La Rochelle,"01,07,1774"
Nantes,"10,30,1771"
Nantes,"12,31,1771"
Nantes,"01,17,1772"
Nantes,"02,18,1772"
Nantes,"04,17,1772"
Nantes,"04,17,1772"
Nantes,"04,18,1772"
Nantes,"05,13,1772"
Nantes,"07,03,1772"
Nantes,"08,06,1772"
Nantes,"08,27,1772"
Nantes,"09,16,1772"
Nantes,"09,16,1772"
Nantes,"10,19,1772"
Nantes,"12,08,1772"
Nantes,"03,06,1773"
Nantes,"04,26,1773"
Bordeaux,"10,30,1771"
Bordeaux,"11,28,1771"
Bordeaux,"02,19,1772"
Bordeaux,"08,05,1772"
Bordeaux,"08,05,1772"
Bordeaux,"09,22,1772"
Bordeaux,"11,24,1772"
Bordeaux,"01,23,1773"
Bordeaux,"11,24,1773"
La Rochelle,"08,28,1771"
La Rochelle,"04,25,1772"
La Rochelle,"06,19,1772"
La Rochelle,"06,20,1772"
La Rochelle,"12,08,1772"
La Rochelle,"12,29,1772"
La Rochelle,"07,16,1773"
Nantes,"03,23,1771"
Nantes,"04,19,1771"
Nantes,"05,30,1771"
Nantes,"06,07,1771"
Nantes,"06,08,1771"
Nantes,"06,23,1771"
Nantes,"06,24,1771"
Nantes,"07,02,1771"
Nantes,"07,15,1771"
Nantes,"10,23,1771"
Nantes,"09,02,1771"
Nantes,"09,17,1771"
Nantes,"10,25,1771"
Nantes,"11,09,1771"
Nantes,"11,09,1771"
Nantes,"11,09,1771"
Nantes,"11,09,1771"
Nantes,"11,10,1771"
Nantes,"11,,1771"
Nantes,"02,20,1772"
Nantes,"04,17,1772"
Nantes,"04,17,1772"
Rochefort,"07,08,1771"
Bordeaux,"07,15,1771"
Bordeaux,"07,20,1771"
Bordeaux,"08,01,1771"
Bordeaux,"08,20,1771"
Bordeaux,"09,06,1771"
Bordeaux,"09,09,1771"
Bordeaux,"09,18,1771"
Bordeaux,"12,19,1771"
Bordeaux,"09,18,1772"
La Rochelle,"01,10,1771"
La Rochelle,"03,23,1771"
La Rochelle,"06,27,1771"
La Rochelle,"08,13,1771"
La Rochelle,"09,14,1771"
La Rochelle,"10,16,1771"
La Rochelle,"10,27,1771"
Nantes,"10,24,1769"
Nantes,"12,01,1769"
Nantes,"03,06,1770"
Nantes,"03,18,1770"
Nantes,"04,11,1770"
Nantes,"05,05,1770"
Nantes,"06,26,1770"
Nantes,"06,01,1770"
Nantes,"08,11,1770"
Nantes,"10,01,1770"
Nantes,"10,04,1770"
Nantes,"10,09,1770"
Nantes,"10,11,1770"
Nantes,"03,18,1771"
Rochefort,"02,12,1770"
Bordeaux,"12,22,1769"
Bordeaux,"05,09,1770"
La Rochelle,"11,19,1770"
Bordeaux,"12,05,1770"
Bordeaux,"01,02,1771"
La Rochelle,"06,15,1770"
La Rochelle,"09,28,1770"
La Rochelle,"10,03,1770"
La Rochelle,"09,18,1771"
Rochefort,"10,01,1771"
Nantes,"08,15,1768"
Nantes,"11,14,1768"
Nantes,"12,08,1768"
Nantes,"12,08,1768"
Nantes,"03,03,1769"
Nantes,"03,05,1769"
Nantes,"03,08,1769"
Nantes,"03,24,1769"
Nantes,"03,24,1769"
Nantes,"04,21,1769"
Nantes,"05,01,1769"
Nantes,"05,02,1769"
Nantes,"06,01,1769"
Nantes,"06,07,1769"
Nantes,"06,07,1769"
Nantes,"06,07,1769"
Nantes,"06,12,1769"
Nantes,"07,03,1769"
Nantes,"08,18,1769"
Nantes,"09,04,1769"
Nantes,"10,20,1769"
Nantes,"10,24,1769"
Nantes,"11,16,1769"
Nantes,"01,03,1770"
Nantes,"01,05,1770"
Nantes,"01,05,1770"
Nantes,"01,05,1770"
Nantes,"02,08,1770"
Nantes,"03,06,1770"
Nantes,"05,26,1770"
Bordeaux,"3,3,1769"
Bordeaux,"6,6,1769"
Bordeaux,"6,13,1769"
Bordeaux,"06,30,1769"
Bordeaux,"08,04,1769"
Bordeaux,"08,14,1769"
Bordeaux,"10,06,1769"
Bordeaux,"10,27,1769"
Bordeaux,"11,21,1769"
La Rochelle,"01,14,1769"
La Rochelle,"09,02,1769"
La Rochelle,"10,24,1769"
Bordeaux,"3,26,1769"
Nantes,"09,24,1767"
Nantes,"02,01,1768"
Nantes,"02,01,1768"
Nantes,"03,05,1768"
Nantes,"03,08,1768"
Nantes,"05,11,1768"
Nantes,"05,27,1768"
Nantes,"06,03,1768"
Nantes,"06,22,1768"
Nantes,"07,01,1768"
Nantes,"07,09,1768"
Nantes,"07,29,1768"
Nantes,"08,07,1768"
Nantes,"08,09,1768"
Nantes,"09,25,1768"
Nantes,"09,27,1768"
Nantes,"11,09,1768"
Nantes,"11,09,1768"
Nantes,"11,14,1768"
Nantes,"01,20,1769"
Nantes,"01,20,1769"
Nantes,"04,23,1769"
Bordeaux,"5,24,1767"
Bordeaux,"7,7,1767"
Bordeaux,"2,6,1768"
Bordeaux,"5,5,1768"
Bordeaux,"7,11,1768"
Bordeaux,"7,11,1768"
Bordeaux,"8,7,1768"
Bordeaux,"8,8,1768"
Bordeaux,"9,20,1768"
Bordeaux,"10,12,1768"
La Rochelle,"05,28,1768"
La Rochelle,"07,16,1768"
La Rochelle,"11,06,1768"
La Rochelle,"11,23,1768"
La Rochelle,"01,28,1769"
La Rochelle,"02,20,1769"
Nantes,"11,05,1766"
Nantes,"11,06,1766"
Nantes,"12,08,1766"
Nantes,"02,03,1767"
Nantes,"03,03,1767"
Nantes,"03,06,1767"
Nantes,"03,06,1767"
Nantes,"03,23,1767"
Nantes,"03,27,1767"
Nantes,"04,27,1767"
Nantes,"05,01,1767"
Nantes,"05,26,1767"
Nantes,"05,26,1767"
Nantes,"06,09,1767"
Nantes,"06,20,1767"
Nantes,"06,30,1767"
Nantes,"08,01,1767"
Nantes,"09,19,1767"
Nantes,"09,19,1767"
Nantes,"09,24,1767"
Nantes,"11,21,1767"
Nantes,"12,21,1767"
Nantes,"12,22,1767"
Nantes,"01,16,1768"
Bordeaux,"4,30,1767"
Bordeaux,"7,15,1767"
Bordeaux,"10,5,1767"
Bordeaux,"10,11,1767"
Bordeaux,"10,2,1767"
Bordeaux,"12,21,1767"
Bordeaux,",,1767"
Bordeaux,"5,18,1768"
Nantes,"11,11,1765"
Nantes,"12,02,1765"
Nantes,"12,29,1765"
Nantes,"01,01,1766"
Nantes,"02,21,1766"
Nantes,"02,27,1766"
Nantes,"03,08,1766"
Nantes,"04,06,1766"
Nantes,"04,10,1766"
Nantes,"04,27,1766"
Nantes,"05,16,1766"
Nantes,"05,16,1766"
Nantes,"05,17,1766"
Nantes,"06,10,1766"
Nantes,"06,10,1766"
Nantes,"07,09,1766"
Nantes,"07,11,1766"
Nantes,"09,05,1766"
Nantes,"09,09,1766"
Nantes,"09,26,1766"
Nantes,"10,01,1766"
Nantes,"10,10,1766"
Nantes,"10,11,1766"
Nantes,"12,23,1766"
Nantes,"01,01,1767"
Nantes,"03,06,1767"
Bordeaux,"3,4,1766"
Bordeaux,"5,13,1766"
Bordeaux,"5,27,1766"
Bordeaux,"8,16,1766"
Bordeaux,"8,26,1766"
Bordeaux,"9,15,1766"
Bordeaux,"11,5,1766"
La Rochelle,"02,21,1766"
La Rochelle,"04,12,1766"
La Rochelle,"04,30,1766"
La Rochelle,"05,17,1766"
La Rochelle,"03,06,1767"
Bordeaux,"9,19,1764"
Nantes,"08,11,1764"
Nantes,"10,05,1764"
Nantes,"10,23,1764"
Nantes,"12,27,1764"
Nantes,"01,28,1765"
Nantes,"02,15,1765"
Nantes,"02,18,1765"
Nantes,"02,20,1765"
Nantes,"02,25,1765"
Nantes,"03,29,1765"
Nantes,"04,13,1765"
Nantes,"04,13,1765"
Nantes,"04,28,1765"
Nantes,"05,13,1765"
Nantes,"05,18,1765"
Nantes,"05,13,1765"
Nantes,"05,13,1765"
Nantes,"06,01,1765"
Nantes,"06,18,1765"
Nantes,"07,12,1765"
Nantes,"07,23,1765"
Nantes,"08,21,1765"
Nantes,"09,08,1765"
Nantes,"09,26,1765"
Nantes,"10,27,1765"
Nantes,"11,19,1765"
Nantes,"02,27,1766"
Nantes,",,1766"
Bordeaux,"9,19,1764"
Bordeaux,"11,24,1764"
Bordeaux,"9,13,1765"
Bordeaux,"11,29,1765"
La Rochelle,"11,14,1764"
La Rochelle,"02,17,1765"
La Rochelle,"04,27,1765"
La Rochelle,"06,19,1765"
La Rochelle,"07,11,1765"
La Rochelle,"11,11,1765"
Nantes,"08,30,1763"
Nantes,"10,13,1763"
Nantes,"10,14,1763"
Nantes,"12,17,1763"
Nantes,"01,20,1764"
Nantes,"02,01,1764"
Nantes,"02,20,1764"
Nantes,"04,04,1764"
Nantes,"04,04,1764"
Nantes,"05,05,1764"
Nantes,"05,05,1764"
Nantes,"05,17,1764"
Nantes,"05,17,1764"
Nantes,"06,02,1764"
Nantes,"06,14,1764"
Nantes,"07,02,1764"
Nantes,"07,04,1764"
Nantes,"08,11,1764"
Nantes,"09,02,1764"
Nantes,"09,05,1764"
Nantes,"09,27,1764"
Nantes,"10,23,1764"
Nantes,"10,23,1764"
Nantes,"11,29,1764"
Nantes,"12,18,1764"
Nantes,"12,18,1764"
Nantes,"12,25,1764"
Nantes,"01,29,1765"
Nantes,"01,31,1765"
Nantes,"04,14,1765"
Nantes,"10,25,1765"
Nantes,"10,27,1765"
Bordeaux,"1,12,1764"
Bordeaux,"1,24,1764"
Bordeaux,"9,11,1764"
Bordeaux,"10,3,1764"
Bordeaux,"11,20,1764"
La Rochelle,"05,27,1764"
Bordeaux,"4,9,1763"
Nantes,"05,12,1763"
Nantes,"05,13,1763"
Nantes,"05,19,1763"
Nantes,"05,22,1763"
Nantes,"06,07,1763"
Nantes,"06,07,1763"
Nantes,"06,09,1763"
Nantes,"06,09,1763"
Nantes,"06,09,1763"
Nantes,"07,22,1763"
Nantes,"07,23,1763"
Nantes,"08,13,1763"
Nantes,"07,30,1763"
Nantes,"08,18,1763"
Nantes,"08,30,1763"
Nantes,"09,23,1763"
Nantes,"09,24,1763"
Nantes,"10,15,1763"
Nantes,"11,12,1763"
Nantes,"11,13,1763"
Nantes,"11,17,1763"
Nantes,"11,18,1763"
Nantes,"12,17,1763"
Nantes,"12,17,1763"
Nantes,"03,21,1764"
Bordeaux,"3,12,1763"
Bordeaux,"5,12,1763"
Bordeaux,"7,,1763"
Bordeaux,"5,28,1764"
La Rochelle,"10,13,1763"
Nantes,"03,05,1763"
Nantes,"03,05,1763"
Nantes,"03,06,1763"
Nantes,"06,06,1763"
Nantes,"03,05,1757"
Nantes,"09,,1754"
Nantes,"12,29,1754"
Nantes,"01,24,1755"
Nantes,"01,26,1755"
Nantes,"02,23,1755"
Nantes,"03,19,1755"
Nantes,"03,19,1755"
Nantes,"03,19,1755"
Nantes,"03,20,1755"
Nantes,"05,12,1755"
Nantes,"06,12,1755"
Nantes,"06,14,1755"
Nantes,"07,05,1755"
Nantes,"08,09,1755"
Nantes,"10,18,1755"
Nantes,"05,16,1756"
La Rochelle,"01,04,1755"
La Rochelle,"2,13,1755"
La Rochelle,"04,14,1755"
Nantes,"09,11,1753"
Nantes,"11,22,1753"
Nantes,"01,24,1754"
Nantes,"03,01,1754"
Nantes,"03,22,1754"
Nantes,"03,24,1754"
Nantes,"04,23,1754"
Nantes,"05,02,1754"
Nantes,"05,10,1754"
Nantes,"05,11,1754"
Nantes,"05,15,1754"
Nantes,"05,27,1754"
Nantes,"06,13,1754"
Nantes,"06,13,1754"
Nantes,"06,13,1754"
Nantes,"07,29,1754"
Nantes,"07,29,1754"
Nantes,"08,,1754"
Nantes,"08,11,1754"
Nantes,"09,13,1754"
Nantes,"09,13,1754"
Nantes,"09,16,1754"
Nantes,"09,28,1754"
Nantes,"10,14,1754"
Nantes,",,1754"
Nantes,"10,24,1754"
Nantes,"10,24,1754"
Nantes,"11,19,1754"
Nantes,"11,21,1754"
Nantes,"12,,1754"
Nantes,"12,29,1754"
Nantes,"01,26,1755"
Nantes,"02,21,1755"
Nantes,"02,21,1755"
Nantes,"06,21,1755"
Nantes,"03,07,1755"
Nantes,",,1755"
Nantes,"04,16,1755"
Nantes,"05,24,1755"
Nantes,"08,27,1755"
Nantes,",,1755"
Bordeaux,",,1755"
Bordeaux,"01,24,1754"
Bordeaux,"02,27,1754"
Bordeaux,"12,07,1754"
Bordeaux,"01,30,1755"
Bordeaux,"08,07,1755"
La Rochelle,"02,22,1754"
La Rochelle,"05,01,1754"
La Rochelle,"08,28,1754"
La Rochelle,"09,23,1754"
La Rochelle,"08,02,1754"
La Rochelle,"09,15,1754"
La Rochelle,"09,24,1754"
La Rochelle,"11,02,1754"
La Rochelle,"01,26,1755"
La Rochelle,"07,07,1755"
La Rochelle,"7,8,1755"
Nantes,"07,03,1752"
Nantes,"09,26,1752"
Nantes,"10,26,1752"
Nantes,"11,13,1752"
Nantes,"11,18,1752"
Nantes,"11,21,1752"
Nantes,"11,27,1752"
Nantes,"12,29,1752"
Nantes,"02,05,1753"
Nantes,"02,26,1753"
Nantes,"02,26,1753"
Nantes,"02,26,1753"
Nantes,"02,26,1753"
Nantes,"04,07,1753"
Nantes,"05,06,1753"
Nantes,"05,23,1753"
Nantes,"05,23,1753"
Nantes,"05,24,1753"
Nantes,"05,30,1753"
Nantes,"06,07,1753"
Nantes,"06,16,1753"
Nantes,"06,14,1753"
Nantes,"07,18,1753"
Nantes,"07,18,1753"
Nantes,"08,22,1753"
Nantes,"08,23,1753"
Nantes,"09,17,1753"
Nantes,"09,25,1753"
Nantes,"11,07,1753"
Nantes,"11,07,1753"
Nantes,"11,22,1753"
Nantes,"11,22,1753"
Nantes,"12,02,1753"
Nantes,"03,23,1754"
Nantes,"05,01,1754"
Nantes,"08,11,1754"
Nantes,"08,18,1754"
Nantes,"10,14,1754"
Bordeaux,"01,22,1754"
Bordeaux,"01,10,1754"
Bordeaux,"03,26,1754"
Bordeaux,"09,24,1754"
Bordeaux,"10,03,1754"
Bordeaux,"11,21,1754"
La Rochelle,"07,22,1753"
La Rochelle,"09,24,1754"
Nantes,"02,13,1752"
Nantes,"02,13,1752"
Nantes,"04,17,1752"
Nantes,"04,28,1752"
Nantes,"05,04,1752"
Nantes,"05,14,1752"
Nantes,"05,14,1752"
Nantes,"05,15,1752"
Nantes,"05,26,1752"
Nantes,"05,28,1752"
Nantes,"05,27,1752"
Nantes,"06,04,1752"
Nantes,"06,16,1752"
Nantes,"07,03,1752"
Nantes,"07,24,1752"
Nantes,"07,24,1752"
Nantes,"08,09,1752"
Nantes,"09,28,1752"
Nantes,"09,28,1752"
Nantes,"09,28,1752"
Nantes,"10,18,1752"
Nantes,"10,18,1752"
Nantes,"10,28,1752"
Nantes,"12,30,1752"
Nantes,"01,01,1753"
Nantes,"02,27,1753"
Nantes,"09,05,1753"
Nantes,"09,10,1753"
Nantes,"11,22,1753"
Bordeaux,"05,24,1753"
Bordeaux,"05,20,1752"
Bordeaux,"08,31,1752"
Bordeaux,"01,04,1753"
Bordeaux,"02,20,1753"
La Rochelle,"05,26,1752"
La Rochelle,"09,11,1752"
La Rochelle,"10,11,1752"
La Rochelle,"05,28,1753"
La Rochelle,"12,29,1753"
Nantes,"02,18,1751"
Nantes,"04,03,1751"
Nantes,"04,20,1751"
Nantes,"05,30,1751"
Nantes,"06,04,1751"
Nantes,"06,22,1751"
Nantes,"07,02,1751"
Nantes,"07,20,1751"
Nantes,"08,24,1751"
Nantes,"08,24,1751"
Nantes,"08,24,1751"
Nantes,"08,24,1751"
Nantes,"09,27,1751"
Nantes,"10,13,1751"
Nantes,"10,26,1751"
Nantes,"12,09,1751"
Nantes,"01,28,1752"
Nantes,"06,16,1752"
Nantes,"07,03,1752"
Bordeaux,"02,25,1751"
Bordeaux,"12,10,1751"
Bordeaux,"05,18,1752"
Bordeaux,"05,20,1752"
Bordeaux,"08,01,1752"
Bordeaux,"10,13,1752"
Bordeaux,"11,22,1752"
Bordeaux,"12,06,1752"
Bordeaux,"12,14,1752"
La Rochelle,"07,23,1751"
La Rochelle,"12,,1751"
La Rochelle,"06,09,1752"
La Rochelle,"09,07,1752"
La Rochelle,"09,16,1752"
Nantes,"07,21,1749"
Nantes,"08,31,1749"
Nantes,"10,06,1749"
Nantes,"10,19,1749"
Nantes,"10,27,1749"
Nantes,"10,30,1749"
Nantes,"10,03,1749"
Nantes,"11,20,1749"
Nantes,"11,23,1749"
Nantes,"12,28,1749"
Nantes,"12,31,1749"
Nantes,"01,20,1750"
Nantes,"01,22,1750"
Nantes,"03,14,1750"
Nantes,"03,15,1750"
Nantes,"03,26,1750"
Nantes,"04,16,1750"
Nantes,"06,06,1750"
Nantes,"07,19,1750"
Nantes,"08,01,1750"
Nantes,"08,27,1750"
Nantes,"08,27,1750"
Nantes,"08,29,1750"
Nantes,"08,29,1750"
Nantes,"08,29,1750"
Nantes,"10,05,1750"
Nantes,"10,07,1750"
Nantes,"10,21,1750"
Nantes,"10,17,1750"
Nantes,"10,27,1750"
Nantes,"10,,1750"
Nantes,"11,21,1750"
Nantes,"12,27,1750"
Nantes,"01,03,1751"
Bordeaux,"02,,1750"
Bordeaux,"02,12,1750"
Bordeaux,"04,04,1750"
La Rochelle,"10,09,1749"
La Rochelle,"04,16,1750"
La Rochelle,"09,16,1750"
Nantes,"02,24,1749"
Nantes,"02,25,1749"
Nantes,"02,24,1749"
Nantes,"02,24,1749"
Nantes,"04,10,1749"
Nantes,"04,19,1749"
Nantes,"05,10,1749"
Nantes,"05,10,1749"
Nantes,"05,24,1749"
Nantes,"05,26,1749"
Nantes,"05,31,1749"
Nantes,"06,17,1749"
Nantes,"07,16,1749"
Nantes,"08,27,1749"
Nantes,"08,27,1749"
Nantes,"08,30,1749"
Nantes,"08,30,1749"
Nantes,"09,07,1749"
Nantes,"09,12,1749"
Nantes,"10,24,1749"
Nantes,"10,30,1749"
Nantes,"11,,1749"
Nantes,"11,20,1749"
Nantes,"11,20,1749"
Nantes,"11,30,1749"
Nantes,"12,28,1749"
Nantes,"12,31,1749"
Nantes,"01,01,1750"
Bordeaux,"07,31,1748"
Bordeaux,"01,05,1749"
Bordeaux,"07,08,1749"
Bordeaux,"07,15,1749"
Bordeaux,"09,06,1749"
Bordeaux,"11,14,1749"
Bordeaux,"03,25,1750"
Bordeaux,"04,16,1750"
La Rochelle,"04,19,1749"
La Rochelle,"12,04,1749"
La Rochelle,"12,14,1749"
La Rochelle,"12,29,1749"
La Rochelle,"05,15,1750"
La Rochelle,"06,26,1750"
La Rochelle,"06,28,1750"
La Rochelle,"09,15,1750"
La Rochelle,"09,09,1750"
Nantes,"08,11,1748"
Nantes,"08,19,1748"
Nantes,"09,03,1748"
Nantes,"09,04,1748"
Nantes,"09,05,1748"
Nantes,"09,05,1748"
Nantes,"09,26,1748"
Nantes,"10,12,1748"
Nantes,"10,12,1748"
Nantes,"11,16,1748"
Nantes,"11,16,1748"
Nantes,"11,26,1748"
Nantes,"02,08,1749"
Nantes,"02,23,1749"
Nantes,"04,11,1749"
Nantes,"04,12,1749"
Nantes,"05,26,1749"
Nantes,"06,18,1749"
Bordeaux,"7,23,1748"
Bordeaux,"01,11,1749"
Bordeaux,"01,30,1749"
Bordeaux,"06,20,1749"
Bordeaux,"07,08,1749"
Bordeaux,"10,25,1749"
La Rochelle,"06,19,1748"
La Rochelle,"10,,1748"
La Rochelle,"12,09,1748"
La Rochelle,"10,11,1748"
La Rochelle,"10,24,1748"
La Rochelle,"04,12,1749"
La Rochelle,"05,11,1749"
La Rochelle,"07,10,1749"
La Rochelle,"07,16,1749"
La Rochelle,"08,07,1749"
La Rochelle,"06,23,1749"
La Rochelle,"06,23,1749"
La Rochelle,"10,20,1749"
La Rochelle,"10,30,1749"
Nantes,"02,,1747"
Bordeaux,"11,17,1748"
Bordeaux,"11,26,1748"
Bordeaux,"11,29,1748"
Bordeaux,"12,06,1748"
La Rochelle,"07,17,1748"
La Rochelle,"10,12,1748"
La Rochelle,"11,27,1748"
La Rochelle,",,1747"
Nantes,"03,07,1747"
La Rochelle,"06,21,1747"
Nantes,",,1746"
Nantes,"04,29,1746"
Nantes,"09,08,1743"
Nantes,"01,01,1744"
Nantes,"02,25,1744"
Nantes,"04,01,1744"
Nantes,"04,,1744"
Nantes,"05,31,1744"
Nantes,"06,08,1744"
Nantes,"06,08,1744"
Nantes,"08,,1745"
Nantes,",,1743"
Nantes,"02,23,1743"
Nantes,"04,24,1743"
Nantes,"04,27,1743"
Nantes,"04,28,1743"
Nantes,"05,12,1743"
Nantes,"5,12,1743"
Nantes,"05,19,1743"
Nantes,"05,29,1743"
Nantes,"07,17,1743"
Nantes,"05,01,1743"
Nantes,"08,04,1743"
Nantes,"08,04,1743"
Nantes,"08,09,1743"
Nantes,"08,11,1743"
Nantes,"08,14,1743"
Nantes,"08,17,1743"
Nantes,"09,09,1743"
Nantes,"09,14,1743"
Nantes,"10,11,1743"
Nantes,"11,24,1743"
Nantes,"12,08,1743"
Nantes,"01,01,1744"
Nantes,"01,06,1744"
Nantes,"7,17,1744"
Nantes,"08,,1744"
Nantes,"04,02,1744"
Bordeaux,"11,05,1742"
Bordeaux,"06,30,1743"
Bordeaux,"08,06,1743"
Bordeaux,"09,08,1743"
Bordeaux,"09,29,1743"
Bordeaux,"09,14,1743"
Bordeaux,"09,18,1743"
Bordeaux,"11,07,1743"
La Rochelle,"08,08,1742"
La Rochelle,"09,07,1742"
La Rochelle,"12,20,1742"
La Rochelle,"07,25,1743"
La Rochelle,"06,19,1743"
La Rochelle,"07,10,1743"
La Rochelle,"08,04,1743"
La Rochelle,"10,22,1743"
La Rochelle,"01,15,1744"
La Rochelle,"02,27,1744"
Nantes,"12,27,1741"
Nantes,"03,05,1742"
Nantes,"03,24,1742"
Nantes,"03,31,1742"
Nantes,"03,31,1742"
Nantes,"04,15,1742"
Nantes,"05,20,1742"
Nantes,"06,05,1742"
Nantes,"06,06,1742"
Nantes,"08,07,1742"
Nantes,"08,07,1742"
Nantes,"09,03,1742"
Nantes,"10,04,1742"
Nantes,"11,01,1742"
Nantes,"11,28,1742"
Nantes,"01,21,1743"
Nantes,"01,21,1743"
Nantes,"01,21,1743"
Nantes,"01,27,1743"
Nantes,"01,27,1743"
Nantes,",,1743"
Nantes,"01,29,1743"
Nantes,"02,23,1743"
Nantes,"03,26,1743"
Nantes,"03,29,1743"
Nantes,"05,,1743"
Nantes,"06,16,1743"
Nantes,"09,04,1743"
Bordeaux,"04,10,1742"
Bordeaux,"06,16,1742"
Bordeaux,"06,16,1742"
Bordeaux,"10,25,1743"
La Rochelle,"06,28,1742"
La Rochelle,"11,28,1742"
La Rochelle,"01,05,1743"
La Rochelle,"03,02,1743"
La Rochelle,"05,14,1743"
La Rochelle,"06,12,1743"
La Rochelle,"07,10,1743"
La Rochelle,"05,28,1743"
La Rochelle,"12,24,1743"
Nantes,"09,09,1741"
Nantes,"10,01,1741"
Nantes,"10,23,1741"
Nantes,"10,23,1741"
Nantes,"10,27,1741"
Nantes,"12,23,1741"
Nantes,"01,03,1742"
Nantes,"02,03,1742"
Nantes,"04,12,1742"
Nantes,"01,14,1741"
Nantes,"02,23,1741"
Nantes,"03,12,1741"
Nantes,"04,29,1741"
Nantes,"05,08,1741"
Nantes,"05,22,1741"
Nantes,"06,01,1741"
Nantes,"06,01,1741"
Nantes,"07,10,1741"
Nantes,",,1741"
Nantes,"07,28,1741"
Nantes,"08,13,1741"
Nantes,"08,15,1741"
Nantes,"08,25,1741"
Bordeaux,"04,02,1741"
Bordeaux,"04,08,1741"
Bordeaux,"06,10,1741"
Bordeaux,"03,05,1742"
Bordeaux,"04,04,1742"
Bordeaux,"05,11,1742"
La Rochelle,"06,24,1741"
La Rochelle,"05,10,1741"
La Rochelle,"07,03,1741"
La Rochelle,"05,14,1741"
La Rochelle,"10,24,1741"
La Rochelle,"12,09,1741"
La Rochelle,"02,20,1742"
La Rochelle,"02,20,1742"
La Rochelle,"02,21,1742"
La Rochelle,"03,18,1742"
La Rochelle,"03,19,1742"
La Rochelle,"09,12,1742"
Nantes,"12,27,1739"
Nantes,"01,24,1740"
Nantes,"03,24,1740"
Nantes,"04,18,1740"
Nantes,"06,,1740"
Nantes,"06,11,1740"
Nantes,"06,11,1740"
Nantes,"06,27,1740"
Nantes,"07,11,1740"
Nantes,"07,16,1740"
Nantes,"07,16,1740"
Nantes,"07,16,1740"
Nantes,"07,27,1740"
Nantes,"07,27,1740"
Nantes,"08,03,1740"
Nantes,"08,20,1740"
Nantes,"08,29,1740"
Nantes,"09,12,1740"
Nantes,"09,12,1740"
Nantes,"09,12,1740"
Nantes,"09,12,1740"
Nantes,"09,12,1740"
Nantes,"09,13,1740"
Nantes,"09,13,1740"
Nantes,"09,13,1740"
Nantes,"09,30,1740"
Nantes,"10,10,1740"
Nantes,"10,23,1740"
Nantes,"11,15,1740"
Nantes,"11,15,1740"
Nantes,"12,24,1740"
Nantes,"02,11,1741"
Nantes,"03,04,1741"
Nantes,"03,21,1741"
Nantes,"03,26,1741"
Nantes,"04,02,1741"
Nantes,",,1741"
Bordeaux,"01,02,1740"
Bordeaux,"01,02,1741"
Bordeaux,"04,08,1741"
Bordeaux,"09,30,1741"
Bordeaux,"10,06,1741"
Bordeaux,"10,16,1741"
Bordeaux,"11,22,1741"
La Rochelle,"01,07,1741"
La Rochelle,"02,28,1740"
La Rochelle,"02,29,1740"
La Rochelle,"03,14,1740"
La Rochelle,"04,28,1740"
La Rochelle,"07,13,1740"
La Rochelle,"07,23,1740"
La Rochelle,"08,28,1740"
La Rochelle,"10,06,1740"
La Rochelle,"10,22,1740"
La Rochelle,"11,08,1740"
La Rochelle,"11,18,1740"
La Rochelle,"01,18,1741"
La Rochelle,"11,30,1740"
La Rochelle,"01,15,1741"
La Rochelle,"02,23,1741"
La Rochelle,"03,03,1741"
La Rochelle,"03,17,1741"
La Rochelle,"08,28,1741"
La Rochelle,"08,05,1741"
La Rochelle,"08,04,1741"
La Rochelle,"08,10,1741"
La Rochelle,"09,06,1741"
La Rochelle,"12,16,1741"
Nantes,"11,,1738"
Nantes,"01,03,1739"
Nantes,"01,03,1739"
Nantes,"03,06,1739"
Nantes,"03,06,1739"
Nantes,"03,06,1739"
Nantes,"03,06,1739"
Nantes,"04,05,1739"
Nantes,"06,03,1739"
Nantes,"06,06,1739"
Nantes,"06,06,1739"
Nantes,"06,16,1739"
Nantes,"07,17,1739"
Nantes,"07,19,1739"
Nantes,"07,30,1739"
Nantes,"08,21,1739"
Nantes,"09,26,1739"
Nantes,"10,06,1739"
Nantes,"10,18,1739"
Nantes,"10,21,1739"
Nantes,"10,29,1739"
Nantes,"12,27,1739"
Nantes,"12,27,1739"
Nantes,"01,31,1740"
Nantes,"03,18,1740"
Nantes,"04,29,1740"
Nantes,"04,,1740"
Nantes,"08,20,1740"
Nantes,"09,30,1740"
Nantes,"10,,1740"
Bordeaux,"11,16,1738"
Bordeaux,"04,30,1739"
Bordeaux,"08,25,1739"
Bordeaux,"04,16,1740"
Bordeaux,"11,04,1740"
Bordeaux,"11,30,1740"
La Rochelle,"02,13,1739"
La Rochelle,"04,25,1739"
La Rochelle,"05,24,1739"
La Rochelle,"06,15,1739"
La Rochelle,"06,15,1739"
La Rochelle,"09,26,1739"
La Rochelle,"09,26,1739"
La Rochelle,"09,07,1739"
La Rochelle,"09,13,1739"
La Rochelle,"11,02,1739"
La Rochelle,"01,25,1740"
La Rochelle,"06,03,1740"
La Rochelle,"07,06,1740"
La Rochelle,"07,25,1740"
La Rochelle,"08,19,1740"
La Rochelle,"09,15,1740"
La Rochelle,"10,17,1740"
La Rochelle,"11,08,1740"
Bordeaux,"03,09,1738"
Bordeaux,"09,15,1738"
Nantes,"01,28,1738"
Nantes,"04,07,1738"
Nantes,"04,25,1738"
Nantes,"06,04,1738"
Nantes,"06,04,1738"
Nantes,"07,,1738"
Nantes,"08,10,1738"
Nantes,"09,08,1738"
Nantes,"09,07,1738"
Nantes,"09,08,1738"
Nantes,"09,23,1738"
Nantes,"10,06,1738"
Nantes,"10,28,1738"
Nantes,"11,14,1738"
Nantes,"11,14,1738"
Nantes,"12,28,1738"
Nantes,"01,28,1739"
Nantes,"03,05,1739"
Nantes,"03,06,1739"
Nantes,"03,06,1739"
Nantes,"02,,1739"
Nantes,"04,21,1739"
Nantes,"08,20,1739"
Nantes,"10,,1739"
La Rochelle,"11,04,1737"
La Rochelle,"03,26,1738"
La Rochelle,"05,10,1738"
La Rochelle,"06,30,1738"
La Rochelle,"07,11,1738"
La Rochelle,"08,19,1738"
La Rochelle,"09,03,1738"
La Rochelle,"09,22,1738"
La Rochelle,"11,09,1738"
La Rochelle,"11,20,1738"
La Rochelle,"11,24,1738"
La Rochelle,"12,03,1738"
La Rochelle,"04,23,1739"
La Rochelle,"06,29,1739"
La Rochelle,"08,13,1739"
Bordeaux,"03,11,1737"
Bordeaux,"08,08,1737"
Nantes,"01,16,1737"
Nantes,"03,12,1737"
Nantes,"03,23,1737"
Nantes,"04,08,1737"
Nantes,"04,,1737"
Nantes,"06,20,1737"
Nantes,"06,20,1737"
Nantes,"06,20,1737"
Nantes,"07,06,1737"
Nantes,"07,10,1737"
Nantes,"07,10,1737"
Nantes,"08,,1737"
Nantes,"09,14,1737"
Nantes,"09,21,1737"
Nantes,"10,10,1737"
Nantes,"10,10,1737"
Nantes,"10,17,1737"
Nantes,"01,01,1738"
Nantes,"01,28,1738"
Nantes,"01,28,1738"
Nantes,"01,28,1738"
Nantes,"02,16,1738"
La Rochelle,"03,11,1737"
La Rochelle,"08,20,1737"
La Rochelle,"08,28,1737"
La Rochelle,"08,03,1737"
La Rochelle,"12,02,1737"
La Rochelle,"02,04,1738"
La Rochelle,"09,23,1738"
Bordeaux,"01,21,1736"
Nantes,"02,22,1736"
Nantes,"03,15,1736"
Nantes,"04,10,1736"
Nantes,"05,17,1736"
Nantes,"05,30,1736"
Nantes,"06,20,1736"
Nantes,"07,18,1736"
Nantes,"10,01,1736"
Nantes,"10,01,1736"
Nantes,"11,14,1736"
Nantes,"12,18,1736"
Nantes,"12,18,1736"
Nantes,"01,16,1737"
Nantes,"03,,1737"
La Rochelle,"01,31,1737"
La Rochelle,"11,26,1737"
La Rochelle,"12,27,1737"
Bordeaux,"11,05,1736"
Nantes,"04,14,1735"
Nantes,"07,29,1735"
Nantes,"08,02,1735"
Nantes,"09,14,1735"
Nantes,"09,14,1735"
Nantes,"10,28,1735"
Nantes,"11,10,1735"
Nantes,"03,14,1736"
La Rochelle,"04,10,1736"
La Rochelle,"05,09,1736"
La Rochelle,"05,08,1736"
La Rochelle,"06,04,1736"
La Rochelle,"07,07,1736"
La Rochelle,"07,17,1736"
Nantes,"04,13,1734"
Nantes,"04,13,1734"
Nantes,"06,16,1734"
Nantes,"10,29,1734"
Nantes,"11,16,1734"
Nantes,"11,28,1734"
Nantes,"11,30,1734"
La Rochelle,"7,13,1734"
La Rochelle,"08,30,1734"
La Rochelle,"08,09,1735"
La Rochelle,"05,23,1735"
La Rochelle,"07,29,1735"
La Rochelle,"09,13,1735"
La Rochelle,"12,22,1735"
La Rochelle,"12,25,1735"
Bordeaux,"02,13,1734"
Nantes,"05,25,1733"
Nantes,"05,25,1733"
Nantes,"06,05,1733"
Nantes,"09,19,1733"
Nantes,"10,01,1733"
Nantes,"12,16,1733"
Nantes,"02,10,1734"
Nantes,"07,15,1734"
La Rochelle,"07,29,1734"
Nantes,"01,04,1732"
Nantes,"05,28,1732"
Nantes,"08,28,1732"
Nantes,"10,08,1732"
Nantes,"11,08,1732"
Nantes,"11,16,1733"
La Rochelle,"07,30,1732"
La Rochelle,"12,08,1732"
La Rochelle,"02,26,1733"
La Rochelle,"04,12,1733"
La Rochelle,"05,05,1733"
La Rochelle,"09,19,1733"
La Rochelle,"12,16,1733"
Bordeaux,"08,14,1731"
Nantes,"12,10,1730"
Nantes,"04,07,1731"
Nantes,"06,06,1731"
Nantes,"06,09,1731"
Nantes,"06,15,1731"
Nantes,"07,21,1731"
Nantes,"09,20,1731"
Nantes,"09,25,1731"
Nantes,"11,04,1731"
Nantes,"11,24,1731"
Nantes,"12,06,1731"
Nantes,"01,18,1732"
Nantes,"07,28,1732"
La Rochelle,"11,24,1731"
La Rochelle,"03,16,1732"
La Rochelle,"07,28,1732"
Nantes,"12,24,1729"
Nantes,"04,12,1730"
Nantes,"05,03,1730"
Nantes,"05,13,1730"
Nantes,"06,14,1730"
Nantes,"06,15,1730"
Nantes,"06,15,1730"
Nantes,"07,17,1730"
Nantes,"07,31,1730"
Nantes,"09,28,1730"
Nantes,"10,01,1730"
Nantes,"12,10,1730"
Nantes,"12,28,1730"
Nantes,"01,10,1731"
Nantes,"04,10,1731"
Nantes,"08,19,1731"
La Rochelle,"08,08,1731"
Bordeaux,"09,11,1729"
Bordeaux,"08,25,1730"
Nantes,"04,17,1729"
Nantes,"08,30,1729"
Nantes,"04,27,1729"
Nantes,"07,09,1729"
Nantes,"07,10,1729"
Nantes,"08,09,1729"
Nantes,"08,25,1729"
Nantes,"09,12,1729"
Nantes,"10,11,1729"
Nantes,"10,11,1729"
Nantes,"10,11,1729"
Nantes,"10,11,1729"
Nantes,"12,26,1729"
Nantes,"12,26,1729"
Nantes,"01,12,1730"
Nantes,"01,22,1730"
Nantes,"03,08,1730"
La Rochelle,"07,15,1729"
La Rochelle,"05,09,1729"
La Rochelle,"12,13,1729"
Nantes,"03,02,1728"
Nantes,"05,31,1728"
Nantes,"07,09,1728"
Nantes,"07,12,1728"
Nantes,"08,15,1728"
Nantes,"09,20,1728"
Nantes,"12,08,1728"
Nantes,"12,26,1728"
Nantes,"02,09,1729"
Nantes,"03,06,1729"
La Rochelle,"02,12,1728"
La Rochelle,"08,26,1728"
La Rochelle,"07,05,1729"
La Rochelle,"11,01,1729"
Nantes,"04,20,1727"
Nantes,"06,22,1727"
Nantes,"06,22,1727"
Nantes,"08,08,1727"
Nantes,"11,24,1727"
Nantes,"12,05,1727"
Nantes,"02,05,1728"
Nantes,"03,09,1728"
Nantes,"06,15,1728"
La Rochelle,"10,31,1727"
La Rochelle,"11,29,1728"
Nantes,"06,17,1726"
Nantes,"08,01,1726"
Nantes,"08,02,1726"
Nantes,"08,30,1726"
Nantes,"10,19,1726"
Nantes,"10,17,1726"
Nantes,"10,17,1726"
Nantes,"11,06,1726"
Nantes,"12,08,1726"
Nantes,"12,09,1726"
Nantes,"12,26,1726"
Nantes,"01,01,1727"
Nantes,"01,31,1727"
Nantes,"01,31,1727"
Nantes,"03,27,1727"
La Rochelle,"08,24,1726"
Nantes,"12,29,1725"
Nantes,"12,29,1725"
Nantes,"01,15,1726"
Nantes,"04,05,1726"
Bordeaux,"05,30,1724"
Nantes,"04,03,1722"
Nantes,"04,15,1722"
Nantes,"05,07,1722"
Nantes,"03,30,1723"
Nantes,"05,16,1721"
Nantes,"07,06,1721"
Nantes,"07,13,1721"
Nantes,"07,15,1721"
Nantes,"08,08,1721"
Nantes,"09,08,1721"
Nantes,"09,15,1721"
Nantes,"09,30,1721"
Nantes,"10,16,1721"
Nantes,"11,09,1721"
Nantes,"11,13,1721"
Nantes,"11,19,1721"
Nantes,"12,13,1721"
Nantes,"12,13,1721"
Nantes,"12,14,1721"
Nantes,"12,15,1721"
Nantes,"12,18,1721"
Nantes,"01,08,1722"
Nantes,"01,16,1722"
Nantes,"01,18,1722"
Nantes,"02,13,1722"
Nantes,",,1722"
Nantes,"03,10,1722"
Nantes,"04,14,1722"
Nantes,"04,13,1722"
Nantes,"04,30,1722"
La Rochelle,"03,11,1722"
La Rochelle,"03,31,1722"
La Rochelle,"04,16,1722"
Nantes,"01,,1720"
Nantes,"05,21,1720"
Nantes,"05,22,1720"
Nantes,"07,05,1720"
Nantes,"07,05,1720"
Nantes,"08,04,1720"
Nantes,"08,05,1720"
Nantes,"10,21,1720"
Nantes,"11,15,1720"
Nantes,"01,19,1721"
Nantes,"02,19,1721"
Nantes,"02,23,1721"
Nantes,"04,04,1721"
Nantes,"04,04,1721"
Nantes,"05,11,1721"
Nantes,"12,,1721"
La Rochelle,"04,,1720"
La Rochelle,",,1721"
La Rochelle,"06,,1721"
Nantes,"12,31,1718"
Nantes,"03,22,1719"
Nantes,"04,01,1719"
Nantes,"04,26,1719"
Nantes,"07,11,1719"
Nantes,"08,30,1719"
Nantes,"09,06,1719"
Nantes,"10,02,1719"
Nantes,"10,03,1719"
Nantes,"11,06,1719"
Nantes,"12,14,1719"
Nantes,"12,28,1719"
Nantes,"02,03,1720"
Nantes,"02,26,1720"
Nantes,"02,27,1720"
Nantes,"03,21,1720"
Nantes,"03,30,1720"
Nantes,"05,05,1720"
Nantes,"06,09,1720"
Nantes,"09,06,1720"
La Rochelle,",,1720"
La Rochelle,",,1720"
Nantes,"05,03,1718"
Nantes,"05,15,1718"
Nantes,"07,03,1718"
Nantes,"09,12,1718"
Nantes,"09,12,1718"
Nantes,"10,18,1718"
Nantes,"10,26,1718"
Nantes,"11,16,1718"
Nantes,"11,19,1718"
Nantes,"11,29,1718"
Nantes,"12,26,1718"
Nantes,"12,26,1718"
Nantes,"12,30,1718"
La Rochelle,"09,03,1718"
La Rochelle,",,1719"
Nantes,"06,23,1717"
Nantes,"09,28,1717"
Nantes,"10,24,1717"
Nantes,"01,27,1718"
Nantes,"01,27,1718"
Nantes,"01,28,1718"
Nantes,"02,15,1718"
Nantes,"05,03,1718"
La Rochelle,",,1718"
La Rochelle,",,1718"
La Rochelle,"03,09,1718"
Nantes,"04,28,1716"
Nantes,"06,19,1716"
Nantes,"09,10,1716"
Nantes,"10,29,1716"
Nantes,"11,06,1716"
Nantes,"11,07,1716"
Nantes,"11,07,1716"
Nantes,"12,29,1716"
Nantes,"12,31,1716"
Nantes,"03,24,1717"
Nantes,"05,22,1717"
Nantes,"05,22,1717"
Nantes,"07,22,1717"
Bordeaux,",,1717"
La Rochelle,",,1717"
Nantes,"02,27,1715"
Nantes,"03,27,1715"
Nantes,"03,27,1715"
Nantes,"03,27,1715"
Nantes,"06,28,1715"
Nantes,"10,30,1715"
Nantes,"10,31,1715"
Nantes,"10,31,1715"
Nantes,"11,24,1715"
Nantes,"12,24,1715"
Nantes,"02,19,1716"
Nantes,"02,19,1716"
Nantes,"03,01,1716"
Nantes,"04,20,1716"
Nantes,"05,16,1716"
La Rochelle,"09,09,1714"
La Rochelle,"05,27,1715"
La Rochelle,",,1715"
La Rochelle,"06,06,1715"
Rochefort,"01,10,1715"
La Rochelle,"02,26,1715"
Nantes,"03,17,1714"
Nantes,"04,23,1714"
Nantes,"06,10,1714"
Nantes,"07,15,1714"
Nantes,"09,04,1714"
Nantes,"09,07,1714"
Nantes,"09,26,1714"
Nantes,"09,27,1714"
Nantes,"09,27,1714"
Nantes,"11,20,1714"
Nantes,"12,02,1714"
Nantes,"12,02,1714"
Nantes,"01,13,1715"
Nantes,"02,27,1715"
Nantes,"03,25,1715"
Nantes,"03,27,1715"
Nantes,"03,27,1715"
Nantes,"03,27,1715"
Nantes,"06,26,1715"
Nantes,",,1715"
Nantes,"06,01,1713"
Nantes,"06,04,1713"
Nantes,"06,12,1713"
Nantes,"07,25,1713"
Nantes,"08,28,1713"
Nantes,"11,11,1713"
Nantes,"12,06,1713"
Nantes,"12,16,1713"
Nantes,"12,16,1713"
Nantes,"01,15,1714"
Nantes,"01,22,1714"
Nantes,"01,25,1714"
Nantes,"03,17,1714"
Nantes,"06,24,1714"
Nantes,"10,21,1714"
Nantes,"07,25,1713"
La Rochelle,"10,04,1713"
La Rochelle,",,1713"
La Rochelle,",,1713"
La Rochelle,",,1713"
Nantes,"09,19,1712"
Nantes,"12,19,1712"
Nantes,"09,28,1712"
Nantes,"09,28,1712"
Nantes,"09,29,1712"
Nantes,"09,,1712"
Nantes,"01,06,1713"
Nantes,"03,08,1713"
Nantes,"04,13,1713"
Nantes,"04,13,1713"
Nantes,"08,28,1713"
Nantes,"11,23,1711"
La Rochelle,"1,,1712"
Nantes,"03,10,1712"
Nantes,"08,20,1712"
Nantes,"07,18,1712"
Nantes,"08,02,1712"
Nantes,"01,08,1711"
Nantes,"12,07,1711"
Nantes,"05,26,1710"
Nantes,"10,18,1710"
Nantes,"10,24,1710"
Nantes,"11,07,1710"
La Rochelle,",,1710"
La Rochelle,",,1711"
La Rochelle,"09,04,1711"
La Rochelle,"02,18,1709"
Nantes,"06,,1709"
Nantes,"06,20,1709"
La Rochelle,"07,24,1709"
Nantes,"10,23,1709"
Nantes,"10,23,1709"
Nantes,"10,23,1709"
Nantes,"10,23,1709"
Nantes,"04,26,1710"
La Rochelle,"05,10,1710"
La Rochelle,"10,01,1709"
La Rochelle,"2,18,1709"
Nantes,"07,01,1708"
Nantes,"06,20,1709"
Nantes,"11,27,1708"
Nantes,"01,06,1709"
Nantes,"05,14,1709"
Nantes,"03,08,1708"
La Rochelle,"07,02,1707"
Nantes,"01,06,1707"
La Rochelle,"05,09,1706"
Nantes,"01,22,1706"
Nantes,"07,26,1707"
Nantes,"03,29,1706"
La Rochelle,"09,24,1705"
La Rochelle,"04,19,1704"
La Rochelle,"04,19,1704"
La Rochelle,"04,19,1704"
Nantes,"03,05,1705"
La Rochelle,"04,19,1704"
Nantes,"07,21,1703"
La Rochelle,"07,16,1702"
Nantes,"07,07,1703"
La Rochelle,"07,16,1702"
Nantes,"01,21,1702"
Nantes,"09,12,1702"
Nantes,"03,19,1702"
Bordeaux,"11,17,1700"
Nantes,"08,20,1698"
Nantes,"08,07,1698"
La Rochelle,",,1698"
Nantes,"07,04,1697"
La Rochelle,",,1695"
La Rochelle,"06,,1693"
La Rochelle,"03,28,1693"
La Rochelle,"03,13,1692"
La Rochelle,"03,03,1690"
La Rochelle,",,1687"
La Rochelle,"02,01,1688"
La Rochelle,"10,15,1688"
La Rochelle,"08,28,1688"
La Rochelle,"10,09,1688"
La Rochelle,"07,28,1688"
La Rochelle,",,1687"
La Rochelle,"09,24,1687"
La Rochelle,"11,08,1686"
La Rochelle,"08,13,1687"
Bordeaux,"01,10,1686"
La Rochelle,"08,11,1685"
La Rochelle,"09,20,1686"
La Rochelle,"01,14,1685"
La Rochelle,"10,28,1685"
La Rochelle,"8,10,1683"
La Rochelle,"10,23,1683"
La Rochelle,"01,20,1683"
La Rochelle,"10,08,1683"
La Rochelle,"10,23,1682"
La Rochelle,"10,07,1681"
La Rochelle,"10,20,1681"
La Rochelle,"10,20,1681"
La Rochelle,"11,03,1682"
La Rochelle,"04,20,1681"
La Rochelle,"05,06,1681"
La Rochelle,"01,01,1681"
La Rochelle,"10,22,1678"
La Rochelle,"11,01,1679"
La Rochelle,"02,11,1676"
La Rochelle,"04,09,1677"
La Rochelle,"04,11,1677"
La Rochelle,"06,20,1675"
La Rochelle,"12,17,1675"
La Rochelle,",,1673"
La Rochelle,"11,29,1671"
La Rochelle,"04,26,1667"
Nantes,",,1657"
La Rochelle,",,1643"
